"","client","attr_id","attr_val"
"1",1000000,163,"Internal Account"
"2",1000001,163,"Internal Account"
"3",1000002,163,"Internal Account"
"4",1000003,163,"Internal Account"
"5",1000004,163,"Internal Account"
"6",1000005,163,"Internal Account"
"7",1000006,163,"Internal Account"
"8",1001099,161,"Employee"
"9",1001881,161,"Employee"
"10",1001926,161,"Employee"
"11",1002147,161,"Employee"
"12",1002669,161,"Employee"
"13",1002865,161,"Employee"
"14",1003795,161,"Employee"
"15",1003832,164,"Ex-Employee"
"16",1004128,161,"Employee"
"17",1004216,161,"Employee"
"18",1004279,161,"Employee"
"19",1004607,164,"Ex-Employee"
"20",1004668,161,"Employee"
"21",1005066,164,"Ex-Employee"
"22",1005068,161,"Employee"
"23",1005080,161,"Employee"
"24",1005138,161,"Employee"
"25",1005176,161,"Employee"
"26",1005196,161,"Employee"
"27",1005289,163,"Internal Account"
"28",1005310,161,"Employee"
"29",1005313,163,"Internal Account"
"30",1005316,161,"Employee"
"31",1005448,161,"Employee"
"32",1005520,161,"Employee"
"33",1005693,161,"Employee"
"34",1005699,161,"Employee"
"35",1005776,161,"Employee"
"36",1005789,161,"Employee"
"37",1005949,161,"Employee"
"38",1006044,161,"Employee"
"39",1006514,164,"Ex-Employee"
"40",1007368,161,"Employee"
"41",1007501,161,"Employee"
"42",1007596,161,"Employee"
"43",1007756,164,"Ex-Employee"
"44",1007910,161,"Employee"
"45",1008026,161,"Employee"
"46",1008096,161,"Employee"
"47",1008183,161,"Employee"
"48",1008470,161,"Employee"
"49",1009032,161,"Employee"
"50",1009350,161,"Employee"
"51",1009355,164,"Ex-Employee"
"52",1010330,161,"Employee"
"53",1010585,161,"Employee"
"54",1010708,161,"Employee"
"55",1010802,161,"Employee"
"56",1010824,161,"Employee"
"57",1012172,161,"Employee"
"58",1012369,161,"Employee"
"59",1012565,161,"Employee"
"60",1012902,161,"Employee"
"61",1012940,161,"Employee"
"62",1012994,161,"Employee"
"63",1013016,161,"Employee"
"64",1013356,161,"Employee"
"65",1013544,161,"Employee"
"66",1014139,163,"Internal Account"
"67",1014142,163,"Internal Account"
"68",1014874,161,"Employee"
"69",1015089,161,"Employee"
"70",1015262,163,"Internal Account"
"71",1016950,163,"Internal Account"
"72",1016952,163,"Internal Account"
"73",1016955,161,"Employee"
"74",1017292,162,"Board"
"75",1017359,161,"Employee"
"76",1017631,161,"Employee"
"77",1017632,164,"Ex-Employee"
"78",1018129,161,"Employee"
"79",1018171,161,"Employee"
"80",1018800,161,"Employee"
"81",1018850,161,"Employee"
"82",1019143,161,"Employee"
"83",1019475,161,"Employee"
"84",1019762,161,"Employee"
"85",1019822,161,"Employee"
"86",1020615,161,"Employee"
"87",1022099,161,"Employee"
"88",1022207,161,"Employee"
"89",1022300,161,"Employee"
"90",1023286,161,"Employee"
"91",1024077,161,"Employee"
"92",1024609,163,"Internal Account"
"93",1024816,161,"Employee"
"94",1024868,161,"Employee"
"95",1025726,161,"Employee"
"96",1026658,161,"Employee"
"97",1026989,161,"Employee"
"98",1028322,161,"Employee"
"99",1029223,161,"Employee"
"100",1031061,164,"Ex-Employee"
"101",1033307,161,"Employee"
"102",1034683,161,"Employee"
"103",1036025,161,"Employee"
"104",1036513,161,"Employee"
"105",1036525,161,"Employee"
"106",1036775,161,"Employee"
"107",1037602,161,"Employee"
"108",1041022,164,"Ex-Employee"
"109",1041574,164,"Ex-Employee"
"110",1042202,161,"Employee"
"111",1042231,161,"Employee"
"112",1042282,161,"Employee"
"113",1042805,161,"Employee"
"114",1042829,163,"Internal Account"
"115",1042862,163,"Internal Account"
"116",1042863,163,"Internal Account"
"117",1042864,163,"Internal Account"
"118",1042865,163,"Internal Account"
"119",1042870,163,"Internal Account"
"120",1042872,163,"Internal Account"
"121",1043188,161,"Employee"
"122",1043306,161,"Employee"
"123",1043488,161,"Employee"
"124",1044109,161,"Employee"
"125",1044922,161,"Employee"
"126",1044935,161,"Employee"
"127",1045030,161,"Employee"
"128",1045384,161,"Employee"
"129",1046207,161,"Employee"
"130",1046460,161,"Employee"
"131",1046581,161,"Employee"
"132",1046767,161,"Employee"
"133",1046996,161,"Employee"
"134",1048067,161,"Employee"
"135",1048129,163,"Internal Account"
"136",1049164,161,"Employee"
"137",1049173,161,"Employee"
"138",1049601,163,"Internal Account"
"139",1050036,161,"Employee"
"140",1050159,161,"Employee"
"141",1050494,161,"Employee"
"142",1050651,161,"Employee"
"143",1051160,164,"Ex-Employee"
"144",1051367,161,"Employee"
"145",1052426,161,"Employee"
"146",1052809,163,"Internal Account"
"147",1052816,163,"Internal Account"
"148",1052856,161,"Employee"
"149",1052918,161,"Employee"
"150",1053056,163,"Internal Account"
"151",1053057,163,"Internal Account"
"152",1053058,163,"Internal Account"
"153",1053060,163,"Internal Account"
"154",1053061,163,"Internal Account"
"155",1053476,161,"Employee"
"156",1054424,161,"Employee"
"157",1055476,161,"Employee"
"158",1055505,161,"Employee"
"159",1055948,161,"Employee"
"160",1056498,161,"Employee"
"161",1057853,161,"Employee"
"162",1057858,161,"Employee"
"163",1057868,161,"Employee"
"164",1057985,161,"Employee"
"165",1058688,161,"Employee"
"166",1059919,163,"Internal Account"
"167",1060645,161,"Employee"
"168",1060973,161,"Employee"
"169",1061465,163,"Internal Account"
"170",1061471,164,"Ex-Employee"
"171",1061705,161,"Employee"
"172",1062306,161,"Employee"
"173",1062547,163,"Internal Account"
"174",1062854,161,"Employee"
"175",1062855,161,"Employee"
"176",1063079,161,"Employee"
"177",1063567,163,"Internal Account"
"178",1063605,163,"Internal Account"
"179",1063730,164,"Ex-Employee"
"180",1063731,161,"Employee"
"181",1064154,164,"Ex-Employee"
"182",1064279,161,"Employee"
"183",1064647,161,"Employee"
"184",1065065,161,"Employee"
"185",1065708,163,"Internal Account"
"186",1065991,163,"Internal Account"
"187",1066116,163,"Internal Account"
"188",1066242,161,"Employee"
"189",1066373,161,"Employee"
"190",1066795,161,"Employee"
"191",1066796,161,"Employee"
"192",1067006,161,"Employee"
"193",1067214,161,"Employee"
"194",1067289,161,"Employee"
"195",1067290,161,"Employee"
"196",1068971,161,"Employee"
"197",1069490,161,"Employee"
"198",1070765,161,"Employee"
"199",1070874,161,"Employee"
"200",1070875,161,"Employee"
"201",1071127,161,"Employee"
"202",1071997,161,"Employee"
"203",1072584,161,"Employee"
"204",1072632,163,"Internal Account"
"205",1072633,163,"Internal Account"
"206",1072636,163,"Internal Account"
"207",1072637,163,"Internal Account"
"208",1072638,163,"Internal Account"
"209",1073724,161,"Employee"
"210",1076137,161,"Employee"
"211",1076900,161,"Employee"
"212",1077330,161,"Employee"
"213",1077352,164,"Ex-Employee"
"214",1077592,161,"Employee"
"215",1077609,161,"Employee"
"216",1077642,161,"Employee"
"217",1077751,161,"Employee"
"218",1077770,161,"Employee"
"219",1077817,161,"Employee"
"220",1077944,161,"Employee"
"221",1078170,161,"Employee"
"222",1078316,161,"Employee"
"223",1078405,164,"Ex-Employee"
"224",1079260,163,"Internal Account"
"225",1079275,161,"Employee"
"226",1079322,161,"Employee"
"227",1079400,161,"Employee"
"228",1079647,161,"Employee"
"229",1080032,161,"Employee"
"230",1080247,161,"Employee"
"231",1080344,161,"Employee"
"232",1080457,161,"Employee"
"233",1080726,161,"Employee"
"234",1080777,161,"Employee"
"235",1080778,161,"Employee"
"236",1080957,161,"Employee"
"237",1080964,164,"Ex-Employee"
"238",1080991,164,"Ex-Employee"
"239",1081040,164,"Ex-Employee"
"240",1081130,161,"Employee"
"241",1081355,161,"Employee"
"242",1081380,161,"Employee"
"243",1081986,161,"Employee"
"244",1082433,161,"Employee"
"245",1082481,161,"Employee"
"246",1083111,161,"Employee"
"247",1083175,161,"Employee"
"248",1083206,161,"Employee"
"249",1083242,164,"Ex-Employee"
"250",1084071,161,"Employee"
"251",1084316,161,"Employee"
"252",1084629,161,"Employee"
"253",1084753,161,"Employee"
"254",1085096,161,"Employee"
"255",1087074,161,"Employee"
"256",1087816,161,"Employee"
"257",1090094,161,"Employee"
"258",1091515,161,"Employee"
"259",1091753,161,"Employee"
"260",1092635,161,"Employee"
"261",1094952,161,"Employee"
"262",1095528,161,"Employee"
"263",1097755,161,"Employee"
"264",1102037,163,"Internal Account"
"265",1102500,161,"Employee"
"266",1102747,161,"Employee"
"267",1103193,161,"Employee"
"268",200180,163,"Internal Account"
"269",200340,163,"Internal Account"
"270",200341,163,"Internal Account"
"271",200501,163,"Internal Account"
"272",200721,163,"Internal Account"
"273",201324,163,"Internal Account"
"274",201592,163,"Internal Account"
"275",201701,163,"Internal Account"
"276",201725,163,"Internal Account"
"277",201726,163,"Internal Account"
"278",201845,163,"Internal Account"
"279",201846,163,"Internal Account"
"280",201857,163,"Internal Account"
"281",201871,163,"Internal Account"
"282",201989,163,"Internal Account"
"283",201990,163,"Internal Account"
"284",201991,163,"Internal Account"
"285",202437,163,"Internal Account"
"286",202445,164,"Ex-Employee"
"287",202557,163,"Internal Account"
"288",202661,163,"Internal Account"
"289",203251,163,"Internal Account"
"290",203252,163,"Internal Account"
"291",203253,163,"Internal Account"
"292",203255,163,"Internal Account"
"293",203728,163,"Internal Account"
"294",203854,163,"Internal Account"
"295",203855,163,"Internal Account"
"296",203875,163,"Internal Account"
"297",204146,163,"Internal Account"
"298",204289,163,"Internal Account"
"299",204609,163,"Internal Account"
"300",204610,163,"Internal Account"
"301",204849,163,"Internal Account"
"302",204850,163,"Internal Account"
"303",205091,163,"Internal Account"
"304",205153,163,"Internal Account"
"305",205558,161,"Employee"
"306",205564,163,"Internal Account"
"307",205566,163,"Internal Account"
"308",205575,163,"Internal Account"
"309",205803,163,"Internal Account"
"310",205804,163,"Internal Account"
"311",205805,163,"Internal Account"
"312",205888,163,"Internal Account"
"313",206038,163,"Internal Account"
"314",206039,163,"Internal Account"
"315",206306,163,"Internal Account"
"316",206424,163,"Internal Account"
"317",206644,163,"Internal Account"
"318",206690,163,"Internal Account"
"319",206728,163,"Internal Account"
"320",207017,163,"Internal Account"
"321",207232,164,"Ex-Employee"
"322",207286,163,"Internal Account"
"323",207418,163,"Internal Account"
"324",207541,163,"Internal Account"
"325",207845,163,"Internal Account"
"326",208332,163,"Internal Account"
"327",208789,163,"Internal Account"
"328",209012,163,"Internal Account"
"329",209034,163,"Internal Account"
"330",209111,163,"Internal Account"
"331",209158,163,"Internal Account"
"332",209159,163,"Internal Account"
"333",209340,163,"Internal Account"
"334",209364,163,"Internal Account"
"335",209412,163,"Internal Account"
"336",209420,163,"Internal Account"
"337",209696,163,"Internal Account"
"338",209698,163,"Internal Account"
"339",209772,163,"Internal Account"
"340",209862,163,"Internal Account"
"341",209888,163,"Internal Account"
"342",210452,164,"Ex-Employee"
"343",211119,161,"Employee"
"344",211299,164,"Ex-Employee"
"345",214350,164,"Ex-Employee"
"346",214605,161,"Employee"
"347",217097,164,"Ex-Employee"
"348",220022,164,"Ex-Employee"
"349",220724,164,"Ex-Employee"
"350",220787,164,"Ex-Employee"
"351",220795,161,"Employee"
"352",220797,164,"Ex-Employee"
"353",220801,164,"Ex-Employee"
"354",220803,164,"Ex-Employee"
"355",220806,164,"Ex-Employee"
"356",227532,164,"Ex-Employee"
"357",229527,163,"Internal Account"
"358",234648,163,"Internal Account"
"359",234649,163,"Internal Account"
"360",234650,163,"Internal Account"
"361",240024,164,"Ex-Employee"
"362",240115,164,"Ex-Employee"
"363",240147,161,"Employee"
"364",240307,164,"Ex-Employee"
"365",240479,164,"Ex-Employee"
"366",240490,164,"Ex-Employee"
"367",240784,164,"Ex-Employee"
"368",240823,162,"Board"
"369",240926,162,"Board"
"370",241056,164,"Ex-Employee"
"371",241288,164,"Ex-Employee"
"372",241352,164,"Ex-Employee"
"373",241377,164,"Ex-Employee"
"374",241642,164,"Ex-Employee"
"375",241706,161,"Employee"
"376",241723,164,"Ex-Employee"
"377",241745,162,"Board"
"378",241912,164,"Ex-Employee"
"379",242819,164,"Ex-Employee"
"380",242923,161,"Employee"
"381",243141,161,"Employee"
"382",243383,164,"Ex-Employee"
"383",243607,161,"Employee"
"384",243838,164,"Ex-Employee"
"385",243922,164,"Ex-Employee"
"386",244000,161,"Employee"
"387",244004,164,"Ex-Employee"
"388",244025,164,"Ex-Employee"
"389",244039,164,"Ex-Employee"
"390",244069,162,"Board"
"391",244269,164,"Ex-Employee"
"392",244479,164,"Ex-Employee"
"393",244534,164,"Ex-Employee"
"394",244727,161,"Employee"
"395",244778,162,"Board"
"396",244780,161,"Employee"
"397",244934,164,"Ex-Employee"
"398",245003,164,"Ex-Employee"
"399",245138,164,"Ex-Employee"
"400",245292,164,"Ex-Employee"
"401",245397,164,"Ex-Employee"
"402",245828,164,"Ex-Employee"
"403",246044,161,"Employee"
"404",246203,164,"Ex-Employee"
"405",246837,161,"Employee"
"406",247266,164,"Ex-Employee"
"407",247634,164,"Ex-Employee"
"408",250363,164,"Ex-Employee"
"409",250372,164,"Ex-Employee"
"410",250375,164,"Ex-Employee"
"411",250381,164,"Ex-Employee"
"412",250390,164,"Ex-Employee"
"413",250396,164,"Ex-Employee"
"414",250399,164,"Ex-Employee"
"415",250408,164,"Ex-Employee"
"416",250417,162,"Board"
"417",250426,164,"Ex-Employee"
"418",250435,164,"Ex-Employee"
"419",250447,164,"Ex-Employee"
"420",250468,161,"Employee"
"421",250477,164,"Ex-Employee"
"422",250480,164,"Ex-Employee"
"423",250510,161,"Employee"
"424",250579,164,"Ex-Employee"
"425",250636,164,"Ex-Employee"
"426",250672,164,"Ex-Employee"
"427",251020,161,"Employee"
"428",251278,164,"Ex-Employee"
"429",252094,164,"Ex-Employee"
"430",252505,161,"Employee"
"431",252511,161,"Employee"
"432",253093,162,"Board"
"433",253159,161,"Employee"
"434",253408,164,"Ex-Employee"
"435",254155,161,"Employee"
"436",254188,164,"Ex-Employee"
"437",254404,164,"Ex-Employee"
"438",254680,161,"Employee"
"439",255460,164,"Ex-Employee"
"440",255805,164,"Ex-Employee"
"441",256114,161,"Employee"
"442",256498,164,"Ex-Employee"
"443",256729,161,"Employee"
"444",257035,164,"Ex-Employee"
"445",257125,164,"Ex-Employee"
"446",257227,164,"Ex-Employee"
"447",258739,161,"Employee"
"448",258928,164,"Ex-Employee"
"449",261070,164,"Ex-Employee"
"450",262045,161,"Employee"
"451",262714,164,"Ex-Employee"
"452",266638,161,"Employee"
"453",266698,161,"Employee"
"454",267759,161,"Employee"
"455",268636,164,"Ex-Employee"
"456",269305,164,"Ex-Employee"
"457",269752,164,"Ex-Employee"
"458",269755,164,"Ex-Employee"
"459",270024,164,"Ex-Employee"
"460",270397,164,"Ex-Employee"
"461",274024,161,"Employee"
"462",275203,164,"Ex-Employee"
"463",275635,164,"Ex-Employee"
"464",276088,161,"Employee"
"465",277555,164,"Ex-Employee"
"466",280000,161,"Employee"
"467",281107,164,"Ex-Employee"
"468",281716,161,"Employee"
"469",282031,161,"Employee"
"470",282325,164,"Ex-Employee"
"471",282334,161,"Employee"
"472",282496,164,"Ex-Employee"
"473",282541,164,"Ex-Employee"
"474",284179,164,"Ex-Employee"
"475",287140,164,"Ex-Employee"
"476",287227,161,"Employee"
"477",288376,161,"Employee"
"478",289582,161,"Employee"
"479",290080,161,"Employee"
"480",292771,164,"Ex-Employee"
"481",298390,164,"Ex-Employee"
"482",302458,161,"Employee"
"483",303937,161,"Employee"
"484",305350,164,"Ex-Employee"
"485",305353,164,"Ex-Employee"
"486",306820,163,"Internal Account"
"487",306822,163,"Internal Account"
"488",306823,163,"Internal Account"
"489",306824,163,"Internal Account"
"490",306825,163,"Internal Account"
"491",306826,163,"Internal Account"
"492",306827,163,"Internal Account"
"493",306937,162,"Board"
"494",307050,163,"Internal Account"
"495",307175,164,"Ex-Employee"
"496",307407,161,"Employee"
"497",307461,164,"Ex-Employee"
"498",307935,164,"Ex-Employee"
"499",307980,161,"Employee"
"500",307981,164,"Ex-Employee"
"501",308049,161,"Employee"
"502",308054,164,"Ex-Employee"
"503",308520,164,"Ex-Employee"
"504",308864,164,"Ex-Employee"
"505",309014,162,"Board"
"506",309429,164,"Ex-Employee"
"507",310221,164,"Ex-Employee"
"508",310598,161,"Employee"
"509",310800,164,"Ex-Employee"
"510",310995,161,"Employee"
"511",311348,161,"Employee"
"512",311881,161,"Employee"
"513",312030,164,"Ex-Employee"
"514",312112,164,"Ex-Employee"
"515",312113,161,"Employee"
"516",312789,161,"Employee"
"517",314228,164,"Ex-Employee"
"518",314480,164,"Ex-Employee"
"519",315344,162,"Board"
"520",315534,161,"Employee"
"521",315815,164,"Ex-Employee"
"522",316490,161,"Employee"
"523",317245,164,"Ex-Employee"
"524",317382,161,"Employee"
"525",317799,164,"Ex-Employee"
"526",318064,164,"Ex-Employee"
"527",318139,164,"Ex-Employee"
"528",318440,161,"Employee"
"529",318517,161,"Employee"
"530",318601,161,"Employee"
"531",319363,161,"Employee"
"532",319365,161,"Employee"
"533",319645,164,"Ex-Employee"
"534",319910,161,"Employee"
"535",321319,161,"Employee"
"536",321320,164,"Ex-Employee"
"537",321443,164,"Ex-Employee"
"538",321620,161,"Employee"
"539",321947,164,"Ex-Employee"
"540",322613,164,"Ex-Employee"
"541",322655,164,"Ex-Employee"
"542",322938,161,"Employee"
"543",324256,164,"Ex-Employee"
"544",325722,164,"Ex-Employee"
"545",326418,164,"Ex-Employee"
"546",327387,164,"Ex-Employee"
"547",327567,162,"Board"
"548",328272,164,"Ex-Employee"
"549",328692,161,"Employee"
"550",328788,164,"Ex-Employee"
"551",331227,164,"Ex-Employee"
"552",332909,162,"Board"
"553",334669,161,"Employee"
"554",336397,161,"Employee"
"555",336810,164,"Ex-Employee"
"556",336922,164,"Ex-Employee"
"557",337520,161,"Employee"
"558",338185,164,"Ex-Employee"
"559",338314,164,"Ex-Employee"
"560",339258,162,"Board"
"561",339882,164,"Ex-Employee"
"562",339886,161,"Employee"
"563",339894,164,"Ex-Employee"
"564",340125,162,"Board"
"565",340174,164,"Ex-Employee"
"566",340229,164,"Ex-Employee"
"567",340266,164,"Ex-Employee"
"568",340278,162,"Board"
"569",340318,161,"Employee"
"570",340321,161,"Employee"
"571",341114,161,"Employee"
"572",341652,164,"Ex-Employee"
"573",343856,164,"Ex-Employee"
"574",344197,164,"Ex-Employee"
"575",344510,164,"Ex-Employee"
"576",344511,164,"Ex-Employee"
"577",344620,164,"Ex-Employee"
"578",344879,161,"Employee"
"579",347154,164,"Ex-Employee"
"580",349175,164,"Ex-Employee"
"581",351872,164,"Ex-Employee"
"582",352061,164,"Ex-Employee"
"583",355960,164,"Ex-Employee"
"584",356138,164,"Ex-Employee"
"585",356231,164,"Ex-Employee"
"586",356536,164,"Ex-Employee"
"587",356933,164,"Ex-Employee"
"588",357305,164,"Ex-Employee"
"589",357764,161,"Employee"
"590",358381,164,"Ex-Employee"
"591",359106,164,"Ex-Employee"
"592",359241,164,"Ex-Employee"
"593",359382,161,"Employee"
"594",359415,161,"Employee"
"595",359673,164,"Ex-Employee"
"596",360106,161,"Employee"
"597",360426,161,"Employee"
"598",360809,161,"Employee"
"599",360813,164,"Ex-Employee"
"600",360835,161,"Employee"
"601",361063,164,"Ex-Employee"
"602",361134,164,"Ex-Employee"
"603",361345,161,"Employee"
"604",361559,164,"Ex-Employee"
"605",361701,161,"Employee"
"606",361965,161,"Employee"
"607",362349,164,"Ex-Employee"
"608",362397,161,"Employee"
"609",362646,164,"Ex-Employee"
"610",362978,164,"Ex-Employee"
"611",363915,164,"Ex-Employee"
"612",364502,161,"Employee"
"613",365988,164,"Ex-Employee"
"614",366010,164,"Ex-Employee"
"615",367058,161,"Employee"
"616",367164,161,"Employee"
"617",367256,164,"Ex-Employee"
"618",367931,164,"Ex-Employee"
"619",368129,164,"Ex-Employee"
"620",368736,161,"Employee"
"621",369025,164,"Ex-Employee"
"622",369560,164,"Ex-Employee"
"623",369682,164,"Ex-Employee"
"624",370075,164,"Ex-Employee"
"625",371463,164,"Ex-Employee"
"626",373455,164,"Ex-Employee"
"627",373884,161,"Employee"
"628",374075,164,"Ex-Employee"
"629",374436,164,"Ex-Employee"
"630",374452,161,"Employee"
"631",374513,164,"Ex-Employee"
"632",374732,164,"Ex-Employee"
"633",374792,164,"Ex-Employee"
"634",374794,164,"Ex-Employee"
"635",375316,164,"Ex-Employee"
"636",375850,164,"Ex-Employee"
"637",375964,164,"Ex-Employee"
"638",375968,164,"Ex-Employee"
"639",376918,161,"Employee"
"640",377412,164,"Ex-Employee"
"641",378161,164,"Ex-Employee"
"642",378533,164,"Ex-Employee"
"643",378999,164,"Ex-Employee"
"644",379212,161,"Employee"
"645",379401,164,"Ex-Employee"
"646",380262,161,"Employee"
"647",380395,161,"Employee"
"648",380771,164,"Ex-Employee"
"649",380791,161,"Employee"
"650",381001,164,"Ex-Employee"
"651",381008,164,"Ex-Employee"
"652",381462,161,"Employee"
"653",381664,164,"Ex-Employee"
"654",381828,161,"Employee"
"655",381890,162,"Board"
"656",382397,164,"Ex-Employee"
"657",382430,164,"Ex-Employee"
"658",384177,164,"Ex-Employee"
"659",384241,161,"Employee"
"660",384328,164,"Ex-Employee"
"661",384330,164,"Ex-Employee"
"662",384365,164,"Ex-Employee"
"663",384375,164,"Ex-Employee"
"664",385093,161,"Employee"
"665",385453,164,"Ex-Employee"
"666",385633,164,"Ex-Employee"
"667",385904,164,"Ex-Employee"
"668",386053,161,"Employee"
"669",386054,164,"Ex-Employee"
"670",386229,161,"Employee"
"671",386775,164,"Ex-Employee"
"672",387009,161,"Employee"
"673",387156,161,"Employee"
"674",387465,161,"Employee"
"675",387563,162,"Board"
"676",388433,164,"Ex-Employee"
"677",388453,164,"Ex-Employee"
"678",388627,164,"Ex-Employee"
"679",388736,164,"Ex-Employee"
"680",388737,164,"Ex-Employee"
"681",388743,164,"Ex-Employee"
"682",388780,164,"Ex-Employee"
"683",389007,164,"Ex-Employee"
"684",389198,161,"Employee"
"685",389762,164,"Ex-Employee"
"686",389897,164,"Ex-Employee"
"687",390342,164,"Ex-Employee"
"688",390540,164,"Ex-Employee"
"689",390796,164,"Ex-Employee"
"690",391773,162,"Board"
"691",392903,161,"Employee"
"692",392964,164,"Ex-Employee"
"693",393356,164,"Ex-Employee"
"694",393805,161,"Employee"
"695",394008,164,"Ex-Employee"
"696",394070,161,"Employee"
"697",394855,161,"Employee"
"698",395907,161,"Employee"
"699",396323,164,"Ex-Employee"
"700",396368,164,"Ex-Employee"
"701",396428,164,"Ex-Employee"
"702",396433,164,"Ex-Employee"
"703",396634,164,"Ex-Employee"
"704",397002,164,"Ex-Employee"
"705",397685,161,"Employee"
"706",397795,161,"Employee"
"707",398028,164,"Ex-Employee"
"708",398272,164,"Ex-Employee"
"709",398368,164,"Ex-Employee"
"710",398647,164,"Ex-Employee"
"711",398916,164,"Ex-Employee"
"712",416714,163,"Internal Account"
"713",417297,161,"Employee"
"714",417767,164,"Ex-Employee"
"715",417831,164,"Ex-Employee"
"716",417833,164,"Ex-Employee"
"717",418108,161,"Employee"
"718",418942,164,"Ex-Employee"
"719",419665,164,"Ex-Employee"
"720",420948,164,"Ex-Employee"
"721",421735,164,"Ex-Employee"
"722",422063,164,"Ex-Employee"
"723",422219,164,"Ex-Employee"
"724",422280,164,"Ex-Employee"
"725",422383,164,"Ex-Employee"
"726",422385,164,"Ex-Employee"
"727",422978,164,"Ex-Employee"
"728",423147,164,"Ex-Employee"
"729",423258,164,"Ex-Employee"
"730",423333,161,"Employee"
"731",424205,164,"Ex-Employee"
"732",424809,164,"Ex-Employee"
"733",424844,161,"Employee"
"734",425061,164,"Ex-Employee"
"735",425173,164,"Ex-Employee"
"736",425947,164,"Ex-Employee"
"737",426075,164,"Ex-Employee"
"738",426632,164,"Ex-Employee"
"739",426639,161,"Employee"
"740",426886,164,"Ex-Employee"
"741",427719,164,"Ex-Employee"
"742",427721,164,"Ex-Employee"
"743",428131,164,"Ex-Employee"
"744",428423,164,"Ex-Employee"
"745",428424,161,"Employee"
"746",429400,164,"Ex-Employee"
"747",430076,164,"Ex-Employee"
"748",430550,164,"Ex-Employee"
"749",430788,161,"Employee"
"750",431258,161,"Employee"
"751",431518,164,"Ex-Employee"
"752",433905,164,"Ex-Employee"
"753",434518,161,"Employee"
"754",434665,164,"Ex-Employee"
"755",435626,161,"Employee"
"756",436564,164,"Ex-Employee"
"757",436679,164,"Ex-Employee"
"758",436898,161,"Employee"
"759",437676,164,"Ex-Employee"
"760",438874,164,"Ex-Employee"
"761",439415,164,"Ex-Employee"
"762",440116,161,"Employee"
"763",440246,164,"Ex-Employee"
"764",440774,161,"Employee"
"765",440899,163,"Internal Account"
"766",440938,163,"Internal Account"
"767",441003,164,"Ex-Employee"
"768",441004,161,"Employee"
"769",441017,164,"Ex-Employee"
"770",441020,161,"Employee"
"771",441021,161,"Employee"
"772",441022,161,"Employee"
"773",441031,161,"Employee"
"774",441034,164,"Ex-Employee"
"775",441035,164,"Ex-Employee"
"776",441037,161,"Employee"
"777",441038,161,"Employee"
"778",441041,161,"Employee"
"779",441043,161,"Employee"
"780",441044,164,"Ex-Employee"
"781",441048,162,"Board"
"782",441070,164,"Ex-Employee"
"783",441077,161,"Employee"
"784",441087,161,"Employee"
"785",441096,161,"Employee"
"786",441099,164,"Ex-Employee"
"787",441104,163,"Internal Account"
"788",441105,163,"Internal Account"
"789",441106,163,"Internal Account"
"790",441107,163,"Internal Account"
"791",441108,163,"Internal Account"
"792",441109,163,"Internal Account"
"793",441110,163,"Internal Account"
"794",441111,163,"Internal Account"
"795",441130,161,"Employee"
"796",441131,164,"Ex-Employee"
"797",441157,164,"Ex-Employee"
"798",441167,164,"Ex-Employee"
"799",441168,161,"Employee"
"800",441220,161,"Employee"
"801",441235,161,"Employee"
"802",441240,164,"Ex-Employee"
"803",441249,164,"Ex-Employee"
"804",441315,164,"Ex-Employee"
"805",441377,161,"Employee"
"806",441382,164,"Ex-Employee"
"807",441472,161,"Employee"
"808",441653,164,"Ex-Employee"
"809",441664,164,"Ex-Employee"
"810",441668,164,"Ex-Employee"
"811",441693,161,"Employee"
"812",441714,161,"Employee"
"813",441725,164,"Ex-Employee"
"814",441762,164,"Ex-Employee"
"815",441829,161,"Employee"
"816",441833,161,"Employee"
"817",441890,164,"Ex-Employee"
"818",441922,164,"Ex-Employee"
"819",441955,164,"Ex-Employee"
"820",442180,161,"Employee"
"821",442645,164,"Ex-Employee"
"822",442678,164,"Ex-Employee"
"823",442707,164,"Ex-Employee"
"824",442718,161,"Employee"
"825",443010,164,"Ex-Employee"
"826",443011,161,"Employee"
"827",443034,161,"Employee"
"828",443042,161,"Employee"
"829",443483,164,"Ex-Employee"
"830",443497,164,"Ex-Employee"
"831",443499,164,"Ex-Employee"
"832",443527,164,"Ex-Employee"
"833",443935,161,"Employee"
"834",443981,161,"Employee"
"835",444139,164,"Ex-Employee"
"836",444513,164,"Ex-Employee"
"837",445455,164,"Ex-Employee"
"838",445726,161,"Employee"
"839",446071,164,"Ex-Employee"
"840",446179,163,"Internal Account"
"841",446371,161,"Employee"
"842",447030,161,"Employee"
"843",457612,164,"Ex-Employee"
"844",457755,164,"Ex-Employee"
"845",458570,164,"Ex-Employee"
"846",459304,164,"Ex-Employee"
"847",459427,164,"Ex-Employee"
"848",459501,164,"Ex-Employee"
"849",459945,164,"Ex-Employee"
"850",460158,164,"Ex-Employee"
"851",460198,164,"Ex-Employee"
"852",460555,161,"Employee"
"853",460854,161,"Employee"
"854",460885,161,"Employee"
"855",460965,161,"Employee"
"856",461181,164,"Ex-Employee"
"857",461343,161,"Employee"
"858",461453,164,"Ex-Employee"
"859",461838,164,"Ex-Employee"
"860",462056,164,"Ex-Employee"
"861",462150,161,"Employee"
"862",462157,161,"Employee"
"863",462183,161,"Employee"
"864",462184,161,"Employee"
"865",462207,161,"Employee"
"866",462298,164,"Ex-Employee"
"867",462453,161,"Employee"
"868",462500,164,"Ex-Employee"
"869",462748,164,"Ex-Employee"
"870",462992,164,"Ex-Employee"
"871",463046,164,"Ex-Employee"
"872",464186,164,"Ex-Employee"
"873",464404,164,"Ex-Employee"
"874",464555,164,"Ex-Employee"
"875",464818,163,"Internal Account"
"876",466714,164,"Ex-Employee"
"877",466809,164,"Ex-Employee"
"878",466907,161,"Employee"
"879",466929,161,"Employee"
"880",467017,164,"Ex-Employee"
"881",467057,164,"Ex-Employee"
"882",467061,164,"Ex-Employee"
"883",467069,164,"Ex-Employee"
"884",467202,164,"Ex-Employee"
"885",467765,164,"Ex-Employee"
"886",469162,164,"Ex-Employee"
"887",469722,164,"Ex-Employee"
"888",470183,164,"Ex-Employee"
"889",472352,161,"Employee"
"890",473320,161,"Employee"
"891",473610,161,"Employee"
"892",473859,164,"Ex-Employee"
"893",474238,164,"Ex-Employee"
"894",474584,161,"Employee"
"895",474836,164,"Ex-Employee"
"896",474925,164,"Ex-Employee"
"897",475048,164,"Ex-Employee"
"898",475071,164,"Ex-Employee"
"899",475227,164,"Ex-Employee"
"900",475298,164,"Ex-Employee"
"901",475373,161,"Employee"
"902",477399,164,"Ex-Employee"
"903",477568,164,"Ex-Employee"
"904",477765,164,"Ex-Employee"
"905",478693,164,"Ex-Employee"
"906",478849,164,"Ex-Employee"
"907",479452,164,"Ex-Employee"
"908",479796,161,"Employee"
"909",480501,164,"Ex-Employee"
"910",481263,164,"Ex-Employee"
"911",481623,161,"Employee"
"912",481773,163,"Internal Account"
"913",482665,164,"Ex-Employee"
"914",482834,164,"Ex-Employee"
"915",483174,161,"Employee"
"916",483218,164,"Ex-Employee"
"917",483522,164,"Ex-Employee"
"918",484044,164,"Ex-Employee"
"919",484047,164,"Ex-Employee"
"920",485519,161,"Employee"
"921",485520,164,"Ex-Employee"
"922",485895,164,"Ex-Employee"
"923",487192,164,"Ex-Employee"
"924",488370,164,"Ex-Employee"
"925",488800,164,"Ex-Employee"
"926",489061,164,"Ex-Employee"
"927",489746,164,"Ex-Employee"
"928",489786,161,"Employee"
"929",491558,164,"Ex-Employee"
"930",491661,162,"Board"
"931",491834,161,"Employee"
"932",492459,161,"Employee"
"933",492695,161,"Employee"
"934",492696,164,"Ex-Employee"
"935",492875,162,"Board"
"936",493094,164,"Ex-Employee"
"937",494052,164,"Ex-Employee"
"938",494255,161,"Employee"
"939",494347,164,"Ex-Employee"
"940",494424,161,"Employee"
"941",494986,164,"Ex-Employee"
"942",495719,161,"Employee"
"943",495846,161,"Employee"
"944",496053,164,"Ex-Employee"
"945",496073,164,"Ex-Employee"
"946",496651,164,"Ex-Employee"
"947",497111,164,"Ex-Employee"
"948",497112,164,"Ex-Employee"
"949",497478,164,"Ex-Employee"
"950",497639,164,"Ex-Employee"
"951",497894,161,"Employee"
"952",497928,164,"Ex-Employee"
"953",498161,164,"Ex-Employee"
"954",498163,164,"Ex-Employee"
"955",498297,164,"Ex-Employee"
"956",498490,164,"Ex-Employee"
"957",498711,161,"Employee"
"958",498818,161,"Employee"
"959",499372,164,"Ex-Employee"
"960",499460,161,"Employee"
"961",499701,164,"Ex-Employee"
"962",499957,164,"Ex-Employee"
"963",500098,161,"Employee"
"964",500516,164,"Ex-Employee"
"965",500542,161,"Employee"
"966",500678,164,"Ex-Employee"
"967",500859,164,"Ex-Employee"
"968",501318,164,"Ex-Employee"
"969",501451,164,"Ex-Employee"
"970",501496,164,"Ex-Employee"
"971",502037,161,"Employee"
"972",502050,161,"Employee"
"973",502090,164,"Ex-Employee"
"974",502137,161,"Employee"
"975",502245,164,"Ex-Employee"
"976",502669,164,"Ex-Employee"
"977",502732,163,"Internal Account"
"978",502874,164,"Ex-Employee"
"979",503122,164,"Ex-Employee"
"980",503734,161,"Employee"
"981",505028,161,"Employee"
"982",505906,163,"Internal Account"
"983",506688,164,"Ex-Employee"
"984",506821,162,"Board"
"985",508331,162,"Board"
"986",508333,162,"Board"
"987",508350,164,"Ex-Employee"
"988",508598,163,"Internal Account"
"989",508599,163,"Internal Account"
"990",508600,163,"Internal Account"
"991",508601,163,"Internal Account"
"992",508604,163,"Internal Account"
"993",508605,163,"Internal Account"
"994",508608,163,"Internal Account"
"995",508609,163,"Internal Account"
"996",508611,163,"Internal Account"
"997",509231,161,"Employee"
"998",510417,163,"Internal Account"
"999",510419,163,"Internal Account"
"1000",510420,163,"Internal Account"
"1001",510422,163,"Internal Account"
"1002",510423,163,"Internal Account"
"1003",510816,164,"Ex-Employee"
"1004",511980,161,"Employee"
"1005",512217,164,"Ex-Employee"
"1006",512259,161,"Employee"
"1007",512743,164,"Ex-Employee"
"1008",512866,161,"Employee"
"1009",513082,161,"Employee"
"1010",513099,161,"Employee"
"1011",513104,161,"Employee"
"1012",513313,161,"Employee"
"1013",513411,164,"Ex-Employee"
"1014",513430,162,"Board"
"1015",513497,161,"Employee"
"1016",513505,164,"Ex-Employee"
"1017",513557,164,"Ex-Employee"
"1018",513773,164,"Ex-Employee"
"1019",513958,161,"Employee"
"1020",513963,161,"Employee"
"1021",514070,164,"Ex-Employee"
"1022",514171,161,"Employee"
"1023",514199,164,"Ex-Employee"
"1024",514451,161,"Employee"
"1025",514503,161,"Employee"
"1026",514557,161,"Employee"
"1027",514762,161,"Employee"
"1028",514943,164,"Ex-Employee"
"1029",514946,161,"Employee"
"1030",514947,161,"Employee"
"1031",514978,164,"Ex-Employee"
"1032",515010,164,"Ex-Employee"
"1033",515301,161,"Employee"
"1034",515361,161,"Employee"
"1035",515414,161,"Employee"
"1036",515468,161,"Employee"
"1037",515471,161,"Employee"
"1038",515541,161,"Employee"
"1039",515579,164,"Ex-Employee"
"1040",515630,164,"Ex-Employee"
"1041",515667,162,"Board"
"1042",515720,161,"Employee"
"1043",515728,161,"Employee"
"1044",515729,161,"Employee"
"1045",515966,161,"Employee"
"1046",516109,161,"Employee"
"1047",516145,164,"Ex-Employee"
"1048",516161,161,"Employee"
"1049",516168,161,"Employee"
"1050",516183,161,"Employee"
"1051",516381,161,"Employee"
"1052",516683,161,"Employee"
"1053",516688,164,"Ex-Employee"
"1054",516712,164,"Ex-Employee"
"1055",516713,161,"Employee"
"1056",523325,161,"Employee"
"1057",523818,164,"Ex-Employee"
"1058",523991,161,"Employee"
"1059",524658,164,"Ex-Employee"
"1060",525783,164,"Ex-Employee"
"1061",526058,161,"Employee"
"1062",526789,164,"Ex-Employee"
"1063",527044,164,"Ex-Employee"
"1064",529231,164,"Ex-Employee"
"1065",529232,164,"Ex-Employee"
"1066",530142,163,"Internal Account"
"1067",530642,161,"Employee"
"1068",530658,164,"Ex-Employee"
"1069",531203,164,"Ex-Employee"
"1070",531748,164,"Ex-Employee"
"1071",532152,161,"Employee"
"1072",532204,164,"Ex-Employee"
"1073",532244,164,"Ex-Employee"
"1074",532700,161,"Employee"
"1075",533124,164,"Ex-Employee"
"1076",533276,164,"Ex-Employee"
"1077",533320,161,"Employee"
"1078",533321,161,"Employee"
"1079",533809,163,"Internal Account"
"1080",534578,164,"Ex-Employee"
"1081",536004,161,"Employee"
"1082",536053,164,"Ex-Employee"
"1083",536475,161,"Employee"
"1084",536531,161,"Employee"
"1085",536532,161,"Employee"
"1086",536534,164,"Ex-Employee"
"1087",537170,161,"Employee"
"1088",537223,164,"Ex-Employee"
"1089",537355,164,"Ex-Employee"
"1090",537456,161,"Employee"
"1091",537756,164,"Ex-Employee"
"1092",538942,163,"Internal Account"
"1093",538943,163,"Internal Account"
"1094",539861,163,"Internal Account"
"1095",539862,163,"Internal Account"
"1096",539863,163,"Internal Account"
"1097",539865,163,"Internal Account"
"1098",539866,163,"Internal Account"
"1099",539867,163,"Internal Account"
"1100",539868,163,"Internal Account"
"1101",539869,163,"Internal Account"
"1102",539870,163,"Internal Account"
"1103",539871,163,"Internal Account"
"1104",540326,164,"Ex-Employee"
"1105",540452,164,"Ex-Employee"
"1106",540453,164,"Ex-Employee"
"1107",540454,164,"Ex-Employee"
"1108",540456,164,"Ex-Employee"
"1109",540457,164,"Ex-Employee"
"1110",540458,164,"Ex-Employee"
"1111",540467,164,"Ex-Employee"
"1112",540514,164,"Ex-Employee"
"1113",540524,161,"Employee"
"1114",540634,161,"Employee"
"1115",540804,161,"Employee"
"1116",541121,164,"Ex-Employee"
"1117",541294,164,"Ex-Employee"
"1118",541389,164,"Ex-Employee"
"1119",541567,163,"Internal Account"
"1120",541569,163,"Internal Account"
"1121",541570,163,"Internal Account"
"1122",541604,164,"Ex-Employee"
"1123",541610,164,"Ex-Employee"
"1124",541995,162,"Board"
"1125",542372,161,"Employee"
"1126",542549,164,"Ex-Employee"
"1127",542618,164,"Ex-Employee"
"1128",542686,161,"Employee"
"1129",542723,161,"Employee"
"1130",542736,161,"Employee"
"1131",542738,162,"Board"
"1132",542804,161,"Employee"
"1133",542852,162,"Board"
"1134",554991,164,"Ex-Employee"
"1135",556903,164,"Ex-Employee"
"1136",558051,164,"Ex-Employee"
"1137",558091,161,"Employee"
"1138",558102,164,"Ex-Employee"
"1139",558399,161,"Employee"
"1140",558409,161,"Employee"
"1141",558421,161,"Employee"
"1142",558456,163,"Internal Account"
"1143",558457,163,"Internal Account"
"1144",558458,163,"Internal Account"
"1145",558459,163,"Internal Account"
"1146",558485,163,"Internal Account"
"1147",558486,163,"Internal Account"
"1148",558621,161,"Employee"
"1149",558654,161,"Employee"
"1150",558743,162,"Board"
"1151",558835,164,"Ex-Employee"
"1152",558924,161,"Employee"
"1153",558988,161,"Employee"
"1154",559037,163,"Internal Account"
"1155",559038,163,"Internal Account"
"1156",559162,163,"Internal Account"
"1157",559163,163,"Internal Account"
"1158",559173,164,"Ex-Employee"
"1159",559241,164,"Ex-Employee"
"1160",559264,161,"Employee"
"1161",559374,163,"Internal Account"
"1162",559375,163,"Internal Account"
"1163",559376,163,"Internal Account"
"1164",559377,163,"Internal Account"
"1165",559632,161,"Employee"
"1166",559720,164,"Ex-Employee"
"1167",559829,164,"Ex-Employee"
"1168",559850,164,"Ex-Employee"
"1169",559935,164,"Ex-Employee"
"1170",559993,163,"Internal Account"
"1171",559994,163,"Internal Account"
"1172",560000,161,"Employee"
"1173",560221,161,"Employee"
"1174",560510,161,"Employee"
"1175",560672,163,"Internal Account"
"1176",560877,164,"Ex-Employee"
"1177",560878,161,"Employee"
"1178",560879,161,"Employee"
"1179",561115,161,"Employee"
"1180",561186,161,"Employee"
"1181",561505,163,"Internal Account"
"1182",561975,161,"Employee"
"1183",562160,161,"Employee"
"1184",562247,161,"Employee"
"1185",562786,161,"Employee"
"1186",562893,164,"Ex-Employee"
"1187",563023,164,"Ex-Employee"
"1188",563171,164,"Ex-Employee"
"1189",563335,164,"Ex-Employee"
"1190",563337,164,"Ex-Employee"
"1191",563470,164,"Ex-Employee"
"1192",563522,161,"Employee"
"1193",563697,164,"Ex-Employee"
"1194",563890,161,"Employee"
"1195",563910,161,"Employee"
"1196",563911,161,"Employee"
"1197",563957,164,"Ex-Employee"
"1198",564007,163,"Internal Account"
"1199",564037,164,"Ex-Employee"
"1200",564313,161,"Employee"
"1201",564453,164,"Ex-Employee"
"1202",564515,161,"Employee"
"1203",564518,164,"Ex-Employee"
"1204",564622,161,"Employee"
"1205",565249,161,"Employee"
"1206",565321,161,"Employee"
"1207",565356,163,"Internal Account"
"1208",565385,164,"Ex-Employee"
"1209",565400,163,"Internal Account"
"1210",565401,163,"Internal Account"
"1211",565403,163,"Internal Account"
"1212",565404,163,"Internal Account"
"1213",565405,163,"Internal Account"
"1214",565406,163,"Internal Account"
"1215",565725,161,"Employee"
"1216",565726,161,"Employee"
"1217",565851,164,"Ex-Employee"
"1218",565852,161,"Employee"
"1219",566040,164,"Ex-Employee"
"1220",566411,164,"Ex-Employee"
"1221",566446,161,"Employee"
"1222",566484,161,"Employee"
"1223",566632,161,"Employee"
"1224",566648,161,"Employee"
"1225",566661,164,"Ex-Employee"
"1226",566683,164,"Ex-Employee"
"1227",566721,164,"Ex-Employee"
"1228",566852,161,"Employee"
"1229",566968,161,"Employee"
"1230",566990,161,"Employee"
"1231",567005,161,"Employee"
"1232",567189,161,"Employee"
"1233",567294,164,"Ex-Employee"
"1234",567328,161,"Employee"
"1235",567672,161,"Employee"
"1236",567683,164,"Ex-Employee"
"1237",567833,161,"Employee"
"1238",567941,161,"Employee"
"1239",568207,164,"Ex-Employee"
"1240",568208,164,"Ex-Employee"
"1241",568231,161,"Employee"
"1242",568295,161,"Employee"
"1243",568568,161,"Employee"
"1244",568569,161,"Employee"
"1245",569161,161,"Employee"
"1246",569299,164,"Ex-Employee"
"1247",569348,161,"Employee"
"1248",569446,162,"Board"
"1249",569632,163,"Internal Account"
"1250",569678,164,"Ex-Employee"
"1251",569815,164,"Ex-Employee"
"1252",569816,161,"Employee"
"1253",570043,161,"Employee"
"1254",570157,161,"Employee"
"1255",570200,161,"Employee"
"1256",570231,161,"Employee"
"1257",570277,164,"Ex-Employee"
"1258",570754,164,"Ex-Employee"
"1259",570755,164,"Ex-Employee"
"1260",571117,161,"Employee"
"1261",571118,161,"Employee"
"1262",571119,161,"Employee"
"1263",571120,161,"Employee"
"1264",571158,161,"Employee"
"1265",571659,164,"Ex-Employee"
"1266",571847,164,"Ex-Employee"
"1267",571848,164,"Ex-Employee"
"1268",579324,161,"Employee"
"1269",580373,164,"Ex-Employee"
"1270",580408,164,"Ex-Employee"
"1271",581000,161,"Employee"
"1272",581087,161,"Employee"
"1273",582009,163,"Internal Account"
"1274",582010,163,"Internal Account"
"1275",582135,161,"Employee"
"1276",583501,164,"Ex-Employee"
"1277",583519,161,"Employee"
"1278",583739,164,"Ex-Employee"
"1279",584200,164,"Ex-Employee"
"1280",584612,164,"Ex-Employee"
"1281",584748,161,"Employee"
"1282",584963,161,"Employee"
"1283",585043,164,"Ex-Employee"
"1284",585131,161,"Employee"
"1285",585181,164,"Ex-Employee"
"1286",585214,161,"Employee"
"1287",585629,164,"Ex-Employee"
"1288",585636,164,"Ex-Employee"
"1289",585835,161,"Employee"
"1290",585861,164,"Ex-Employee"
"1291",585930,164,"Ex-Employee"
"1292",586034,164,"Ex-Employee"
"1293",586160,164,"Ex-Employee"
"1294",586409,164,"Ex-Employee"
"1295",586594,164,"Ex-Employee"
"1296",587006,164,"Ex-Employee"
"1297",587062,164,"Ex-Employee"
"1298",587517,161,"Employee"
"1299",588349,161,"Employee"
"1300",588378,164,"Ex-Employee"
"1301",589480,164,"Ex-Employee"
"1302",589481,164,"Ex-Employee"
"1303",589482,164,"Ex-Employee"
"1304",589483,164,"Ex-Employee"
"1305",589814,161,"Employee"
"1306",589944,164,"Ex-Employee"
"1307",589985,161,"Employee"
"1308",590165,161,"Employee"
"1309",590993,164,"Ex-Employee"
"1310",591191,161,"Employee"
"1311",591437,164,"Ex-Employee"
"1312",591458,164,"Ex-Employee"
"1313",591586,164,"Ex-Employee"
"1314",591593,161,"Employee"
"1315",592068,164,"Ex-Employee"
"1316",592580,161,"Employee"
"1317",592898,161,"Employee"
"1318",593040,164,"Ex-Employee"
"1319",593146,164,"Ex-Employee"
"1320",593269,164,"Ex-Employee"
"1321",593431,161,"Employee"
"1322",593447,163,"Internal Account"
"1323",593572,164,"Ex-Employee"
"1324",593785,164,"Ex-Employee"
"1325",594013,164,"Ex-Employee"
"1326",594124,161,"Employee"
"1327",594162,164,"Ex-Employee"
"1328",594664,164,"Ex-Employee"
"1329",594675,164,"Ex-Employee"
"1330",594808,164,"Ex-Employee"
"1331",595153,164,"Ex-Employee"
"1332",597004,164,"Ex-Employee"
"1333",597687,164,"Ex-Employee"
"1334",597688,164,"Ex-Employee"
"1335",597691,164,"Ex-Employee"
"1336",597693,164,"Ex-Employee"
"1337",597928,163,"Internal Account"
"1338",598146,161,"Employee"
"1339",598630,163,"Internal Account"
"1340",598779,164,"Ex-Employee"
"1341",598818,164,"Ex-Employee"
"1342",598885,164,"Ex-Employee"
"1343",599032,164,"Ex-Employee"
"1344",599285,161,"Employee"
"1345",599342,161,"Employee"
"1346",599343,161,"Employee"
"1347",599344,161,"Employee"
"1348",599345,161,"Employee"
"1349",599372,164,"Ex-Employee"
"1350",599437,161,"Employee"
"1351",599442,164,"Ex-Employee"
"1352",700186,164,"Ex-Employee"
"1353",700195,164,"Ex-Employee"
"1354",700460,161,"Employee"
"1355",700474,161,"Employee"
"1356",700505,163,"Internal Account"
"1357",700596,164,"Ex-Employee"
"1358",700626,161,"Employee"
"1359",700897,161,"Employee"
"1360",701055,161,"Employee"
"1361",701056,161,"Employee"
"1362",701149,163,"Internal Account"
"1363",702339,164,"Ex-Employee"
"1364",702587,161,"Employee"
"1365",702588,161,"Employee"
"1366",702717,164,"Ex-Employee"
"1367",702719,164,"Ex-Employee"
"1368",702721,164,"Ex-Employee"
"1369",702722,164,"Ex-Employee"
"1370",702723,164,"Ex-Employee"
"1371",702725,164,"Ex-Employee"
"1372",702744,161,"Employee"
"1373",702888,161,"Employee"
"1374",703011,161,"Employee"
"1375",703012,164,"Ex-Employee"
"1376",703015,161,"Employee"
"1377",703126,163,"Internal Account"
"1378",703165,161,"Employee"
"1379",703166,164,"Ex-Employee"
"1380",703259,161,"Employee"
"1381",703321,161,"Employee"
"1382",703322,161,"Employee"
"1383",703388,161,"Employee"
"1384",703474,163,"Internal Account"
"1385",703475,163,"Internal Account"
"1386",703498,164,"Ex-Employee"
"1387",703598,164,"Ex-Employee"
"1388",704379,161,"Employee"
"1389",704923,163,"Internal Account"
"1390",704974,161,"Employee"
"1391",705005,164,"Ex-Employee"
"1392",706059,163,"Internal Account"
"1393",706060,163,"Internal Account"
"1394",706061,163,"Internal Account"
"1395",706093,161,"Employee"
"1396",706391,164,"Ex-Employee"
"1397",706489,161,"Employee"
"1398",706490,161,"Employee"
"1399",706651,163,"Internal Account"
"1400",706676,163,"Internal Account"
"1401",706677,163,"Internal Account"
"1402",706678,163,"Internal Account"
"1403",706679,163,"Internal Account"
"1404",706789,163,"Internal Account"
"1405",706790,163,"Internal Account"
"1406",706818,163,"Internal Account"
"1407",706822,163,"Internal Account"
"1408",706941,164,"Ex-Employee"
"1409",707878,164,"Ex-Employee"
"1410",707896,161,"Employee"
"1411",708123,163,"Internal Account"
"1412",708124,163,"Internal Account"
"1413",708125,163,"Internal Account"
"1414",708126,163,"Internal Account"
"1415",709095,161,"Employee"
"1416",709184,163,"Internal Account"
"1417",709322,164,"Ex-Employee"
"1418",709338,164,"Ex-Employee"
"1419",709344,164,"Ex-Employee"
"1420",709372,164,"Ex-Employee"
"1421",709383,161,"Employee"
"1422",709401,161,"Employee"
"1423",709402,161,"Employee"
"1424",709420,164,"Ex-Employee"
"1425",709431,164,"Ex-Employee"
"1426",709462,161,"Employee"
"1427",709471,164,"Ex-Employee"
"1428",709480,161,"Employee"
"1429",709481,164,"Ex-Employee"
"1430",709495,161,"Employee"
"1431",709507,164,"Ex-Employee"
"1432",709524,161,"Employee"
"1433",709525,161,"Employee"
"1434",709538,161,"Employee"
"1435",709548,164,"Ex-Employee"
"1436",709555,161,"Employee"
"1437",709611,164,"Ex-Employee"
"1438",709618,161,"Employee"
"1439",709624,161,"Employee"
"1440",709675,161,"Employee"
"1441",709694,164,"Ex-Employee"
"1442",709767,161,"Employee"
"1443",709816,164,"Ex-Employee"
"1444",709823,161,"Employee"
"1445",709832,161,"Employee"
"1446",709893,164,"Ex-Employee"
"1447",709894,164,"Ex-Employee"
"1448",709895,164,"Ex-Employee"
"1449",709896,164,"Ex-Employee"
"1450",709954,164,"Ex-Employee"
"1451",709955,164,"Ex-Employee"
"1452",709974,161,"Employee"
"1453",709990,161,"Employee"
"1454",709998,164,"Ex-Employee"
"1455",710003,164,"Ex-Employee"
"1456",710004,164,"Ex-Employee"
"1457",710005,161,"Employee"
"1458",710006,161,"Employee"
"1459",710016,164,"Ex-Employee"
"1460",710036,161,"Employee"
"1461",710037,164,"Ex-Employee"
"1462",710049,164,"Ex-Employee"
"1463",710085,164,"Ex-Employee"
"1464",710103,161,"Employee"
"1465",710141,164,"Ex-Employee"
"1466",710142,164,"Ex-Employee"
"1467",710161,161,"Employee"
"1468",710162,161,"Employee"
"1469",710167,161,"Employee"
"1470",710187,161,"Employee"
"1471",710247,164,"Ex-Employee"
"1472",710256,161,"Employee"
"1473",710264,161,"Employee"
"1474",710299,164,"Ex-Employee"
"1475",710317,164,"Ex-Employee"
"1476",710320,164,"Ex-Employee"
"1477",710323,161,"Employee"
"1478",710325,161,"Employee"
"1479",710331,161,"Employee"
"1480",710348,164,"Ex-Employee"
"1481",710372,161,"Employee"
"1482",710425,164,"Ex-Employee"
"1483",710434,164,"Ex-Employee"
"1484",710441,164,"Ex-Employee"
"1485",710442,164,"Ex-Employee"
"1486",710473,161,"Employee"
"1487",710480,164,"Ex-Employee"
"1488",710481,164,"Ex-Employee"
"1489",710540,164,"Ex-Employee"
"1490",710590,161,"Employee"
"1491",710591,161,"Employee"
"1492",710660,161,"Employee"
"1493",710856,164,"Ex-Employee"
"1494",710862,164,"Ex-Employee"
"1495",710863,164,"Ex-Employee"
"1496",710870,164,"Ex-Employee"
"1497",710871,164,"Ex-Employee"
"1498",710884,164,"Ex-Employee"
"1499",710985,164,"Ex-Employee"
"1500",711003,161,"Employee"
"1501",711022,161,"Employee"
"1502",711097,161,"Employee"
"1503",711101,164,"Ex-Employee"
"1504",711138,161,"Employee"
"1505",711140,164,"Ex-Employee"
"1506",711144,161,"Employee"
"1507",711157,161,"Employee"
"1508",711284,164,"Ex-Employee"
"1509",711285,161,"Employee"
"1510",711298,164,"Ex-Employee"
"1511",711299,164,"Ex-Employee"
"1512",711315,161,"Employee"
"1513",711341,161,"Employee"
"1514",711364,161,"Employee"
"1515",711377,164,"Ex-Employee"
"1516",711412,161,"Employee"
"1517",711427,161,"Employee"
"1518",711433,161,"Employee"
"1519",711456,161,"Employee"
"1520",711470,161,"Employee"
"1521",711487,161,"Employee"
"1522",711488,161,"Employee"
"1523",711495,161,"Employee"
"1524",711536,164,"Ex-Employee"
"1525",711548,164,"Ex-Employee"
"1526",711578,161,"Employee"
"1527",711622,161,"Employee"
"1528",711655,164,"Ex-Employee"
"1529",711656,164,"Ex-Employee"
"1530",711657,164,"Ex-Employee"
"1531",711658,161,"Employee"
"1532",711702,161,"Employee"
"1533",711703,164,"Ex-Employee"
"1534",711751,161,"Employee"
"1535",711759,161,"Employee"
"1536",711760,164,"Ex-Employee"
"1537",711786,164,"Ex-Employee"
"1538",711815,161,"Employee"
"1539",711823,164,"Ex-Employee"
"1540",711865,164,"Ex-Employee"
"1541",711875,164,"Ex-Employee"
"1542",711881,164,"Ex-Employee"
"1543",711962,161,"Employee"
"1544",711978,164,"Ex-Employee"
"1545",711985,164,"Ex-Employee"
"1546",711986,164,"Ex-Employee"
"1547",712001,161,"Employee"
"1548",712009,161,"Employee"
"1549",712032,164,"Ex-Employee"
"1550",712037,161,"Employee"
"1551",712071,161,"Employee"
"1552",712072,161,"Employee"
"1553",712097,161,"Employee"
"1554",712147,161,"Employee"
"1555",712193,164,"Ex-Employee"
"1556",712229,161,"Employee"
"1557",712230,161,"Employee"
"1558",712243,161,"Employee"
"1559",712265,161,"Employee"
"1560",712276,161,"Employee"
"1561",712277,161,"Employee"
"1562",712292,164,"Ex-Employee"
"1563",712293,164,"Ex-Employee"
"1564",712331,164,"Ex-Employee"
"1565",712335,164,"Ex-Employee"
"1566",712392,164,"Ex-Employee"
"1567",712409,164,"Ex-Employee"
"1568",712410,164,"Ex-Employee"
"1569",712430,164,"Ex-Employee"
"1570",712431,164,"Ex-Employee"
"1571",712455,161,"Employee"
"1572",712457,164,"Ex-Employee"
"1573",712458,164,"Ex-Employee"
"1574",712468,161,"Employee"
"1575",712469,164,"Ex-Employee"
"1576",712526,161,"Employee"
"1577",712527,161,"Employee"
"1578",712550,164,"Ex-Employee"
"1579",712551,164,"Ex-Employee"
"1580",712598,164,"Ex-Employee"
"1581",712627,161,"Employee"
"1582",712691,164,"Ex-Employee"
"1583",712693,161,"Employee"
"1584",712694,161,"Employee"
"1585",712695,164,"Ex-Employee"
"1586",712737,161,"Employee"
"1587",712813,164,"Ex-Employee"
"1588",712845,164,"Ex-Employee"
"1589",712854,164,"Ex-Employee"
"1590",712883,164,"Ex-Employee"
"1591",712920,161,"Employee"
"1592",712921,161,"Employee"
"1593",712922,164,"Ex-Employee"
"1594",713049,164,"Ex-Employee"
"1595",713095,164,"Ex-Employee"
"1596",713143,164,"Ex-Employee"
"1597",713147,164,"Ex-Employee"
"1598",713197,164,"Ex-Employee"
"1599",713203,161,"Employee"
"1600",713379,164,"Ex-Employee"
"1601",713500,161,"Employee"
"1602",713682,164,"Ex-Employee"
"1603",713980,161,"Employee"
"1604",713985,164,"Ex-Employee"
"1605",713993,164,"Ex-Employee"
"1606",714004,161,"Employee"
"1607",714053,161,"Employee"
"1608",714244,164,"Ex-Employee"
"1609",714255,164,"Ex-Employee"
"1610",714267,164,"Ex-Employee"
"1611",714368,164,"Ex-Employee"
"1612",714369,164,"Ex-Employee"
"1613",714400,161,"Employee"
"1614",714519,164,"Ex-Employee"
"1615",714522,161,"Employee"
"1616",714538,161,"Employee"
"1617",714548,161,"Employee"
"1618",714564,161,"Employee"
"1619",714571,161,"Employee"
"1620",714577,161,"Employee"
"1621",714671,161,"Employee"
"1622",714687,161,"Employee"
"1623",714734,164,"Ex-Employee"
"1624",714764,164,"Ex-Employee"
"1625",714792,161,"Employee"
"1626",714816,161,"Employee"
"1627",714819,161,"Employee"
"1628",714838,164,"Ex-Employee"
"1629",714841,161,"Employee"
"1630",714857,161,"Employee"
"1631",714882,164,"Ex-Employee"
"1632",714967,161,"Employee"
"1633",714978,164,"Ex-Employee"
"1634",714990,164,"Ex-Employee"
"1635",715241,161,"Employee"
"1636",716320,164,"Ex-Employee"
"1637",716324,164,"Ex-Employee"
"1638",716331,164,"Ex-Employee"
"1639",716515,161,"Employee"
"1640",716519,161,"Employee"
"1641",716567,161,"Employee"
"1642",716574,164,"Ex-Employee"
"1643",716577,164,"Ex-Employee"
"1644",716606,161,"Employee"
"1645",716796,161,"Employee"
"1646",716834,161,"Employee"
"1647",716836,161,"Employee"
"1648",716844,161,"Employee"
"1649",716848,161,"Employee"
"1650",716849,161,"Employee"
"1651",716856,161,"Employee"
"1652",716858,161,"Employee"
"1653",716861,161,"Employee"
"1654",716875,161,"Employee"
"1655",716884,161,"Employee"
"1656",716906,164,"Ex-Employee"
"1657",716913,164,"Ex-Employee"
"1658",716925,161,"Employee"
"1659",716926,161,"Employee"
"1660",716930,161,"Employee"
"1661",717036,164,"Ex-Employee"
"1662",717046,161,"Employee"
"1663",717094,161,"Employee"
"1664",717120,161,"Employee"
"1665",717176,164,"Ex-Employee"
"1666",717234,164,"Ex-Employee"
"1667",717245,161,"Employee"
"1668",717260,164,"Ex-Employee"
"1669",717265,164,"Ex-Employee"
"1670",717275,164,"Ex-Employee"
"1671",717306,164,"Ex-Employee"
"1672",717307,161,"Employee"
"1673",717416,161,"Employee"
"1674",717435,161,"Employee"
"1675",717465,161,"Employee"
"1676",717469,161,"Employee"
"1677",717470,161,"Employee"
"1678",717499,161,"Employee"
"1679",717554,161,"Employee"
"1680",717620,164,"Ex-Employee"
"1681",717659,164,"Ex-Employee"
"1682",717679,161,"Employee"
"1683",717686,164,"Ex-Employee"
"1684",717690,164,"Ex-Employee"
"1685",717711,164,"Ex-Employee"
"1686",717729,164,"Ex-Employee"
"1687",717730,164,"Ex-Employee"
"1688",717735,164,"Ex-Employee"
"1689",717766,161,"Employee"
"1690",717767,164,"Ex-Employee"
"1691",717768,164,"Ex-Employee"
"1692",717774,161,"Employee"
"1693",717782,161,"Employee"
"1694",717793,161,"Employee"
"1695",717844,161,"Employee"
"1696",717957,161,"Employee"
"1697",717958,161,"Employee"
"1698",717994,161,"Employee"
"1699",718003,161,"Employee"
"1700",718014,161,"Employee"
"1701",718041,161,"Employee"
"1702",718070,161,"Employee"
"1703",718083,161,"Employee"
"1704",718084,161,"Employee"
"1705",718102,164,"Ex-Employee"
"1706",718163,161,"Employee"
"1707",718202,164,"Ex-Employee"
"1708",718398,161,"Employee"
"1709",718412,164,"Ex-Employee"
"1710",718413,164,"Ex-Employee"
"1711",718420,161,"Employee"
"1712",718422,164,"Ex-Employee"
"1713",718424,164,"Ex-Employee"
"1714",718475,164,"Ex-Employee"
"1715",718534,161,"Employee"
"1716",718563,161,"Employee"
"1717",718566,161,"Employee"
"1718",718612,161,"Employee"
"1719",718708,161,"Employee"
"1720",718727,161,"Employee"
"1721",718759,161,"Employee"
"1722",718772,164,"Ex-Employee"
"1723",718773,164,"Ex-Employee"
"1724",718795,164,"Ex-Employee"
"1725",718818,161,"Employee"
"1726",718819,161,"Employee"
"1727",718851,161,"Employee"
"1728",718980,164,"Ex-Employee"
"1729",718999,161,"Employee"
"1730",719181,164,"Ex-Employee"
"1731",719202,161,"Employee"
"1732",719249,164,"Ex-Employee"
"1733",719315,164,"Ex-Employee"
"1734",719316,164,"Ex-Employee"
"1735",719335,164,"Ex-Employee"
"1736",719336,164,"Ex-Employee"
"1737",719344,164,"Ex-Employee"
"1738",719351,161,"Employee"
"1739",719360,164,"Ex-Employee"
"1740",719366,161,"Employee"
"1741",719388,164,"Ex-Employee"
"1742",719434,164,"Ex-Employee"
"1743",720033,164,"Ex-Employee"
"1744",720178,161,"Employee"
"1745",720179,164,"Ex-Employee"
"1746",720241,161,"Employee"
"1747",720329,161,"Employee"
"1748",720563,163,"Internal Account"
"1749",720565,163,"Internal Account"
"1750",721417,161,"Employee"
"1751",721553,161,"Employee"
"1752",721831,161,"Employee"
"1753",722198,161,"Employee"
"1754",722260,164,"Ex-Employee"
"1755",722477,161,"Employee"
"1756",722573,164,"Ex-Employee"
"1757",722588,161,"Employee"
"1758",722938,161,"Employee"
"1759",722973,164,"Ex-Employee"
"1760",722977,164,"Ex-Employee"
"1761",722994,161,"Employee"
"1762",723410,161,"Employee"
"1763",723657,164,"Ex-Employee"
"1764",723677,161,"Employee"
"1765",724114,161,"Employee"
"1766",724249,161,"Employee"
"1767",724819,161,"Employee"
"1768",724942,161,"Employee"
"1769",725445,161,"Employee"
"1770",725558,164,"Ex-Employee"
"1771",725781,164,"Ex-Employee"
"1772",725782,164,"Ex-Employee"
"1773",725860,163,"Internal Account"
"1774",725861,163,"Internal Account"
"1775",725863,163,"Internal Account"
"1776",725912,161,"Employee"
"1777",725953,163,"Internal Account"
"1778",726222,161,"Employee"
"1779",726223,161,"Employee"
"1780",726301,163,"Internal Account"
"1781",726312,164,"Ex-Employee"
"1782",726771,164,"Ex-Employee"
"1783",726772,164,"Ex-Employee"
"1784",726806,164,"Ex-Employee"
"1785",726864,161,"Employee"
"1786",726942,161,"Employee"
"1787",727133,161,"Employee"
"1788",727547,161,"Employee"
"1789",727550,161,"Employee"
"1790",727574,163,"Internal Account"
"1791",727575,163,"Internal Account"
"1792",728116,163,"Internal Account"
"1793",728140,164,"Ex-Employee"
"1794",728515,164,"Ex-Employee"
"1795",728617,163,"Internal Account"
"1796",728958,163,"Internal Account"
"1797",729143,163,"Internal Account"
"1798",729593,164,"Ex-Employee"
"1799",729953,164,"Ex-Employee"
"1800",730137,163,"Internal Account"
"1801",730156,163,"Internal Account"
"1802",730297,161,"Employee"
"1803",732338,164,"Ex-Employee"
"1804",732424,164,"Ex-Employee"
"1805",732683,163,"Internal Account"
"1806",733278,161,"Employee"
"1807",734688,161,"Employee"
"1808",735083,164,"Ex-Employee"
"1809",735131,161,"Employee"
"1810",736050,163,"Internal Account"
"1811",736303,161,"Employee"
"1812",736463,164,"Ex-Employee"
"1813",737128,164,"Ex-Employee"
"1814",737160,161,"Employee"
"1815",737161,164,"Ex-Employee"
"1816",737380,163,"Internal Account"
"1817",737381,163,"Internal Account"
"1818",737384,163,"Internal Account"
"1819",737386,163,"Internal Account"
"1820",737657,163,"Internal Account"
"1821",737680,161,"Employee"
"1822",737820,164,"Ex-Employee"
"1823",738026,161,"Employee"
"1824",738063,161,"Employee"
"1825",738332,164,"Ex-Employee"
"1826",738334,164,"Ex-Employee"
"1827",738393,161,"Employee"
"1828",738437,163,"Internal Account"
"1829",738438,163,"Internal Account"
"1830",738549,164,"Ex-Employee"
"1831",738550,163,"Internal Account"
"1832",738683,164,"Ex-Employee"
"1833",738685,164,"Ex-Employee"
"1834",738969,161,"Employee"
"1835",739088,161,"Employee"
"1836",739332,161,"Employee"
"1837",739699,161,"Employee"
"1838",739704,161,"Employee"
"1839",739800,161,"Employee"
"1840",739847,161,"Employee"
"1841",739862,164,"Ex-Employee"
"1842",740018,164,"Ex-Employee"
"1843",740032,164,"Ex-Employee"
"1844",740196,161,"Employee"
"1845",740216,161,"Employee"
"1846",740234,164,"Ex-Employee"
"1847",740238,164,"Ex-Employee"
"1848",740310,161,"Employee"
"1849",740731,161,"Employee"
"1850",740765,163,"Internal Account"
"1851",740767,163,"Internal Account"
"1852",740768,163,"Internal Account"
"1853",740769,163,"Internal Account"
"1854",740770,163,"Internal Account"
"1855",740974,161,"Employee"
"1856",741745,164,"Ex-Employee"
"1857",742134,164,"Ex-Employee"
"1858",742170,161,"Employee"
"1859",742390,161,"Employee"
"1860",742688,163,"Internal Account"
"1861",742689,163,"Internal Account"
"1862",742691,163,"Internal Account"
"1863",743388,161,"Employee"
"1864",743627,163,"Internal Account"
"1865",743925,164,"Ex-Employee"
"1866",744038,164,"Ex-Employee"
"1867",744455,164,"Ex-Employee"
"1868",744502,164,"Ex-Employee"
"1869",744676,161,"Employee"
"1870",744759,161,"Employee"
"1871",744830,161,"Employee"
"1872",745095,161,"Employee"
"1873",746424,164,"Ex-Employee"
"1874",746690,163,"Internal Account"
"1875",746917,161,"Employee"
"1876",747506,161,"Employee"
"1877",747789,162,"Board"
"1878",748131,161,"Employee"
"1879",748999,163,"Internal Account"
"1880",749046,163,"Internal Account"
"1881",750084,164,"Ex-Employee"
"1882",750085,164,"Ex-Employee"
"1883",750086,164,"Ex-Employee"
"1884",750088,164,"Ex-Employee"
"1885",750111,161,"Employee"
"1886",750112,161,"Employee"
"1887",751204,161,"Employee"
"1888",751551,161,"Employee"
"1889",751555,161,"Employee"
"1890",752366,164,"Ex-Employee"
"1891",752533,164,"Ex-Employee"
"1892",752975,161,"Employee"
"1893",753005,163,"Internal Account"
"1894",753040,163,"Internal Account"
"1895",753440,164,"Ex-Employee"
"1896",753578,164,"Ex-Employee"
"1897",754626,163,"Internal Account"
"1898",754755,161,"Employee"
"1899",754773,164,"Ex-Employee"
"1900",755422,161,"Employee"
"1901",755458,161,"Employee"
"1902",755809,163,"Internal Account"
"1903",756255,164,"Ex-Employee"
"1904",756427,161,"Employee"
"1905",756428,161,"Employee"
"1906",756949,161,"Employee"
"1907",757020,164,"Ex-Employee"
"1908",757058,161,"Employee"
"1909",757082,164,"Ex-Employee"
"1910",757083,164,"Ex-Employee"
"1911",757131,164,"Ex-Employee"
"1912",757272,163,"Internal Account"
"1913",757453,164,"Ex-Employee"
"1914",758113,164,"Ex-Employee"
"1915",758196,161,"Employee"
"1916",758297,164,"Ex-Employee"
"1917",758485,164,"Ex-Employee"
"1918",759278,164,"Ex-Employee"
"1919",759505,164,"Ex-Employee"
"1920",759958,164,"Ex-Employee"
"1921",760376,161,"Employee"
"1922",760472,161,"Employee"
"1923",760615,161,"Employee"
"1924",760854,161,"Employee"
"1925",761349,161,"Employee"
"1926",761350,161,"Employee"
"1927",761625,164,"Ex-Employee"
"1928",762804,163,"Internal Account"
"1929",763286,164,"Ex-Employee"
"1930",763291,161,"Employee"
"1931",763434,163,"Internal Account"
"1932",763442,161,"Employee"
"1933",763621,164,"Ex-Employee"
"1934",763650,161,"Employee"
"1935",763798,161,"Employee"
"1936",764033,161,"Employee"
"1937",764137,161,"Employee"
"1938",764142,161,"Employee"
"1939",764173,161,"Employee"
"1940",764533,161,"Employee"
"1941",764617,161,"Employee"
"1942",764620,161,"Employee"
"1943",764649,161,"Employee"
"1944",764680,164,"Ex-Employee"
"1945",764702,161,"Employee"
"1946",764708,164,"Ex-Employee"
"1947",764779,164,"Ex-Employee"
"1948",765012,164,"Ex-Employee"
"1949",765133,161,"Employee"
"1950",765720,163,"Internal Account"
"1951",765944,161,"Employee"
"1952",766038,164,"Ex-Employee"
"1953",766411,161,"Employee"
"1954",766507,164,"Ex-Employee"
"1955",766757,161,"Employee"
"1956",766817,164,"Ex-Employee"
"1957",766871,161,"Employee"
"1958",766872,164,"Ex-Employee"
"1959",766880,164,"Ex-Employee"
"1960",766900,161,"Employee"
"1961",767201,161,"Employee"
"1962",768391,161,"Employee"
"1963",768395,161,"Employee"
"1964",768785,164,"Ex-Employee"
"1965",768786,164,"Ex-Employee"
"1966",769113,163,"Internal Account"
"1967",769125,164,"Ex-Employee"
"1968",769126,164,"Ex-Employee"
"1969",769138,164,"Ex-Employee"
"1970",769324,161,"Employee"
"1971",769433,163,"Internal Account"
"1972",769518,163,"Internal Account"
"1973",769530,164,"Ex-Employee"
"1974",769838,163,"Internal Account"
"1975",769841,163,"Internal Account"
"1976",769842,163,"Internal Account"
"1977",769843,163,"Internal Account"
"1978",769845,163,"Internal Account"
"1979",769846,163,"Internal Account"
"1980",769847,163,"Internal Account"
"1981",770241,161,"Employee"
"1982",770399,164,"Ex-Employee"
"1983",771091,164,"Ex-Employee"
"1984",771124,164,"Ex-Employee"
"1985",771125,164,"Ex-Employee"
"1986",771130,163,"Internal Account"
"1987",771131,161,"Employee"
"1988",771633,161,"Employee"
"1989",771772,161,"Employee"
"1990",772316,164,"Ex-Employee"
"1991",772881,164,"Ex-Employee"
"1992",773081,163,"Internal Account"
"1993",773122,164,"Ex-Employee"
"1994",773134,161,"Employee"
"1995",773293,161,"Employee"
"1996",773752,161,"Employee"
"1997",773944,161,"Employee"
"1998",774062,164,"Ex-Employee"
"1999",774407,164,"Ex-Employee"
"2000",774414,161,"Employee"
"2001",774438,161,"Employee"
"2002",774465,161,"Employee"
"2003",774673,161,"Employee"
"2004",774802,164,"Ex-Employee"
"2005",775360,161,"Employee"
"2006",775412,164,"Ex-Employee"
"2007",775614,161,"Employee"
"2008",775644,161,"Employee"
"2009",775649,161,"Employee"
"2010",775694,161,"Employee"
"2011",776415,161,"Employee"
"2012",776682,161,"Employee"
"2013",776866,161,"Employee"
"2014",776950,163,"Internal Account"
"2015",776951,163,"Internal Account"
"2016",777054,163,"Internal Account"
"2017",777070,164,"Ex-Employee"
"2018",777296,161,"Employee"
"2019",777297,164,"Ex-Employee"
"2020",777300,161,"Employee"
"2021",777311,164,"Ex-Employee"
"2022",777437,164,"Ex-Employee"
"2023",777453,164,"Ex-Employee"
"2024",777707,164,"Ex-Employee"
"2025",777834,164,"Ex-Employee"
"2026",777853,161,"Employee"
"2027",777900,161,"Employee"
"2028",777974,164,"Ex-Employee"
"2029",778025,161,"Employee"
"2030",778029,164,"Ex-Employee"
"2031",778060,161,"Employee"
"2032",778153,164,"Ex-Employee"
"2033",778518,161,"Employee"
"2034",778574,163,"Internal Account"
"2035",778635,164,"Ex-Employee"
"2036",779632,161,"Employee"
"2037",779633,161,"Employee"
"2038",779936,164,"Ex-Employee"
"2039",779983,163,"Internal Account"
"2040",780082,164,"Ex-Employee"
"2041",780092,163,"Internal Account"
"2042",780093,163,"Internal Account"
"2043",780095,163,"Internal Account"
"2044",780200,164,"Ex-Employee"
"2045",780256,161,"Employee"
"2046",780271,161,"Employee"
"2047",780559,161,"Employee"
"2048",780622,161,"Employee"
"2049",780680,163,"Internal Account"
"2050",780681,163,"Internal Account"
"2051",780968,164,"Ex-Employee"
"2052",781364,164,"Ex-Employee"
"2053",781368,161,"Employee"
"2054",781385,163,"Internal Account"
"2055",781427,161,"Employee"
"2056",781471,161,"Employee"
"2057",781475,161,"Employee"
"2058",781476,161,"Employee"
"2059",781522,164,"Ex-Employee"
"2060",781525,161,"Employee"
"2061",781535,164,"Ex-Employee"
"2062",781560,164,"Ex-Employee"
"2063",781670,163,"Internal Account"
"2064",781682,163,"Internal Account"
"2065",781743,161,"Employee"
"2066",781838,163,"Internal Account"
"2067",781948,164,"Ex-Employee"
"2068",782292,164,"Ex-Employee"
"2069",782766,164,"Ex-Employee"
"2070",782932,163,"Internal Account"
"2071",782934,163,"Internal Account"
"2072",782935,163,"Internal Account"
"2073",782936,163,"Internal Account"
"2074",782937,163,"Internal Account"
"2075",782938,163,"Internal Account"
"2076",782939,163,"Internal Account"
"2077",782942,163,"Internal Account"
"2078",783459,164,"Ex-Employee"
"2079",783555,161,"Employee"
"2080",783601,161,"Employee"
"2081",783656,163,"Internal Account"
"2082",783848,164,"Ex-Employee"
"2083",783995,161,"Employee"
"2084",784185,161,"Employee"
"2085",784412,164,"Ex-Employee"
"2086",784415,161,"Employee"
"2087",784458,161,"Employee"
"2088",785095,161,"Employee"
"2089",785452,161,"Employee"
"2090",785454,161,"Employee"
"2091",785455,161,"Employee"
"2092",785461,161,"Employee"
"2093",785462,161,"Employee"
"2094",785622,161,"Employee"
"2095",785727,164,"Ex-Employee"
"2096",785960,163,"Internal Account"
"2097",786301,161,"Employee"
"2098",786417,161,"Employee"
"2099",786536,164,"Ex-Employee"
"2100",786774,161,"Employee"
"2101",786785,163,"Internal Account"
"2102",787138,164,"Ex-Employee"
"2103",787816,161,"Employee"
"2104",787919,163,"Internal Account"
"2105",787978,163,"Internal Account"
"2106",788228,161,"Employee"
"2107",788352,161,"Employee"
"2108",788473,161,"Employee"
"2109",788475,161,"Employee"
"2110",788480,161,"Employee"
"2111",788627,161,"Employee"
"2112",788853,164,"Ex-Employee"
"2113",789121,163,"Internal Account"
"2114",789219,161,"Employee"
"2115",789278,161,"Employee"
"2116",789426,162,"Board"
"2117",789729,161,"Employee"
"2118",789845,161,"Employee"
"2119",789925,161,"Employee"
"2120",789937,161,"Employee"
"2121",790351,163,"Internal Account"
"2122",790712,161,"Employee"
"2123",790910,164,"Ex-Employee"
"2124",791123,161,"Employee"
"2125",791288,164,"Ex-Employee"
"2126",791311,161,"Employee"
"2127",791518,163,"Internal Account"
"2128",791519,163,"Internal Account"
"2129",791520,163,"Internal Account"
"2130",792022,163,"Internal Account"
"2131",792106,161,"Employee"
"2132",792299,163,"Internal Account"
"2133",792514,164,"Ex-Employee"
"2134",793278,161,"Employee"
"2135",793458,161,"Employee"
"2136",794520,161,"Employee"
"2137",796313,161,"Employee"
"2138",796421,161,"Employee"
"2139",796578,161,"Employee"
"2140",805782,161,"Employee"
"2141",806717,161,"Employee"
"2142",806807,161,"Employee"
"2143",806831,163,"Internal Account"
"2144",806832,163,"Internal Account"
"2145",806843,161,"Employee"
"2146",807461,164,"Ex-Employee"
"2147",807832,164,"Ex-Employee"
"2148",807903,163,"Internal Account"
"2149",807939,164,"Ex-Employee"
"2150",808009,163,"Internal Account"
"2151",808058,164,"Ex-Employee"
"2152",808355,161,"Employee"
"2153",808384,161,"Employee"
"2154",808385,161,"Employee"
"2155",808495,163,"Internal Account"
"2156",808519,163,"Internal Account"
"2157",808610,164,"Ex-Employee"
"2158",808934,164,"Ex-Employee"
"2159",808958,163,"Internal Account"
"2160",809180,163,"Internal Account"
"2161",809232,161,"Employee"
"2162",809397,163,"Internal Account"
"2163",809398,163,"Internal Account"
"2164",809649,161,"Employee"
"2165",809811,161,"Employee"
"2166",809836,161,"Employee"
"2167",809871,161,"Employee"
"2168",810147,161,"Employee"
"2169",810231,161,"Employee"
"2170",810239,161,"Employee"
"2171",810240,164,"Ex-Employee"
"2172",810264,161,"Employee"
"2173",810285,161,"Employee"
"2174",810287,162,"Board"
"2175",810373,164,"Ex-Employee"
"2176",810389,164,"Ex-Employee"
"2177",810399,161,"Employee"
"2178",810411,161,"Employee"
"2179",810480,161,"Employee"
"2180",810543,164,"Ex-Employee"
"2181",810566,164,"Ex-Employee"
"2182",810574,161,"Employee"
"2183",810603,164,"Ex-Employee"
"2184",810611,161,"Employee"
"2185",810653,161,"Employee"
"2186",810668,161,"Employee"
"2187",810712,164,"Ex-Employee"
"2188",810713,161,"Employee"
"2189",810731,161,"Employee"
"2190",810901,161,"Employee"
"2191",810953,161,"Employee"
"2192",811041,161,"Employee"
"2193",811044,161,"Employee"
"2194",811047,163,"Internal Account"
"2195",811057,161,"Employee"
"2196",811061,164,"Ex-Employee"
"2197",811109,161,"Employee"
"2198",811118,161,"Employee"
"2199",811120,164,"Ex-Employee"
"2200",811158,161,"Employee"
"2201",811180,161,"Employee"
"2202",811244,164,"Ex-Employee"
"2203",811292,164,"Ex-Employee"
"2204",811304,161,"Employee"
"2205",811325,164,"Ex-Employee"
"2206",811327,161,"Employee"
"2207",811334,164,"Ex-Employee"
"2208",811412,164,"Ex-Employee"
"2209",811668,161,"Employee"
"2210",811698,161,"Employee"
"2211",811704,161,"Employee"
"2212",811706,161,"Employee"
"2213",811936,161,"Employee"
"2214",811990,161,"Employee"
"2215",812018,161,"Employee"
"2216",812397,161,"Employee"
"2217",812576,161,"Employee"
"2218",812678,161,"Employee"
"2219",812680,163,"Internal Account"
"2220",812695,164,"Ex-Employee"
"2221",812756,164,"Ex-Employee"
"2222",812771,163,"Internal Account"
"2223",812929,161,"Employee"
"2224",813256,163,"Internal Account"
"2225",813260,163,"Internal Account"
"2226",813271,161,"Employee"
"2227",813642,161,"Employee"
"2228",813697,161,"Employee"
"2229",813895,161,"Employee"
"2230",813923,164,"Ex-Employee"
"2231",813996,161,"Employee"
"2232",814040,161,"Employee"
"2233",814044,163,"Internal Account"
"2234",814079,161,"Employee"
"2235",814266,161,"Employee"
"2236",814267,161,"Employee"
"2237",814561,164,"Ex-Employee"
"2238",814731,163,"Internal Account"
"2239",814732,164,"Ex-Employee"
"2240",815419,164,"Ex-Employee"
"2241",815534,163,"Internal Account"
"2242",815698,161,"Employee"
"2243",816761,163,"Internal Account"
"2244",817080,161,"Employee"
"2245",817082,161,"Employee"
"2246",817265,161,"Employee"
"2247",818570,161,"Employee"
"2248",818707,161,"Employee"
"2249",819169,161,"Employee"
"2250",819514,161,"Employee"
"2251",820017,161,"Employee"
"2252",820658,164,"Ex-Employee"
"2253",820759,161,"Employee"
"2254",821786,161,"Employee"
"2255",821848,161,"Employee"
"2256",822448,161,"Employee"
"2257",822463,161,"Employee"
"2258",822583,161,"Employee"
"2259",822585,161,"Employee"
"2260",822588,161,"Employee"
"2261",822597,161,"Employee"
"2262",822712,161,"Employee"
"2263",823166,164,"Ex-Employee"
"2264",823614,161,"Employee"
"2265",824276,163,"Internal Account"
"2266",824888,161,"Employee"
"2267",824889,161,"Employee"
"2268",825753,161,"Employee"
"2269",825991,164,"Ex-Employee"
"2270",826524,161,"Employee"
"2271",826945,161,"Employee"
"2272",827337,161,"Employee"
"2273",827370,161,"Employee"
"2274",827373,164,"Ex-Employee"
"2275",827614,164,"Ex-Employee"
"2276",828106,163,"Internal Account"
"2277",828108,163,"Internal Account"
"2278",828481,163,"Internal Account"
"2279",828500,161,"Employee"
"2280",828766,161,"Employee"
"2281",829596,163,"Internal Account"
"2282",829708,161,"Employee"
"2283",830495,161,"Employee"
"2284",830805,164,"Ex-Employee"
"2285",830954,164,"Ex-Employee"
"2286",830967,161,"Employee"
"2287",831003,161,"Employee"
"2288",831072,163,"Internal Account"
"2289",831337,161,"Employee"
"2290",831540,164,"Ex-Employee"
"2291",831684,161,"Employee"
"2292",832241,163,"Internal Account"
"2293",832243,163,"Internal Account"
"2294",832644,163,"Internal Account"
"2295",833540,161,"Employee"
"2296",833642,161,"Employee"
"2297",833792,163,"Internal Account"
"2298",834275,164,"Ex-Employee"
"2299",834276,161,"Employee"
"2300",834347,164,"Ex-Employee"
"2301",834787,161,"Employee"
"2302",835449,161,"Employee"
"2303",835593,164,"Ex-Employee"
"2304",835926,161,"Employee"
"2305",835927,161,"Employee"
"2306",835991,163,"Internal Account"
"2307",836060,161,"Employee"
"2308",836127,161,"Employee"
"2309",836236,161,"Employee"
"2310",836305,161,"Employee"
"2311",836306,161,"Employee"
"2312",837356,161,"Employee"
"2313",837590,164,"Ex-Employee"
"2314",837913,161,"Employee"
"2315",837938,164,"Ex-Employee"
"2316",837989,164,"Ex-Employee"
"2317",838335,161,"Employee"
"2318",838340,161,"Employee"
"2319",838341,161,"Employee"
"2320",838463,161,"Employee"
"2321",838478,163,"Internal Account"
"2322",838482,163,"Internal Account"
"2323",838523,163,"Internal Account"
"2324",838622,164,"Ex-Employee"
"2325",838897,161,"Employee"
"2326",838991,161,"Employee"
"2327",839378,164,"Ex-Employee"
"2328",839384,161,"Employee"
"2329",839477,161,"Employee"
"2330",839571,164,"Ex-Employee"
"2331",839585,161,"Employee"
"2332",839690,163,"Internal Account"
"2333",839779,163,"Internal Account"
"2334",839795,161,"Employee"
"2335",839828,161,"Employee"
"2336",839852,161,"Employee"
"2337",840208,164,"Ex-Employee"
"2338",840854,161,"Employee"
"2339",840860,161,"Employee"
"2340",841059,161,"Employee"
"2341",841085,161,"Employee"
"2342",841331,163,"Internal Account"
"2343",841692,163,"Internal Account"
"2344",841699,161,"Employee"
"2345",841937,161,"Employee"
"2346",842176,161,"Employee"
"2347",842219,161,"Employee"
"2348",842237,161,"Employee"
"2349",842271,163,"Internal Account"
"2350",842281,161,"Employee"
"2351",842353,161,"Employee"
"2352",842359,161,"Employee"
"2353",842617,161,"Employee"
"2354",843616,161,"Employee"
"2355",844152,161,"Employee"
"2356",844732,161,"Employee"
"2357",845027,161,"Employee"
"2358",845138,164,"Ex-Employee"
"2359",845488,163,"Internal Account"
"2360",845489,161,"Employee"
"2361",845526,164,"Ex-Employee"
"2362",845571,161,"Employee"
"2363",845790,161,"Employee"
"2364",845854,161,"Employee"
"2365",845981,163,"Internal Account"
"2366",846253,161,"Employee"
"2367",846715,163,"Internal Account"
"2368",846841,164,"Ex-Employee"
"2369",846942,163,"Internal Account"
"2370",847259,161,"Employee"
"2371",847515,161,"Employee"
"2372",848098,161,"Employee"
"2373",848163,161,"Employee"
"2374",848738,163,"Internal Account"
"2375",848739,163,"Internal Account"
"2376",848741,163,"Internal Account"
"2377",848797,163,"Internal Account"
"2378",848798,163,"Internal Account"
"2379",848799,163,"Internal Account"
"2380",848800,163,"Internal Account"
"2381",848801,163,"Internal Account"
"2382",848866,163,"Internal Account"
"2383",848867,163,"Internal Account"
"2384",848869,163,"Internal Account"
"2385",848871,163,"Internal Account"
"2386",848873,163,"Internal Account"
"2387",848875,163,"Internal Account"
"2388",848880,163,"Internal Account"
"2389",848885,163,"Internal Account"
"2390",848886,163,"Internal Account"
"2391",848889,163,"Internal Account"
"2392",849105,161,"Employee"
"2393",849412,161,"Employee"
"2394",849871,161,"Employee"
"2395",850048,161,"Employee"
"2396",850964,161,"Employee"
"2397",851062,164,"Ex-Employee"
"2398",852138,161,"Employee"
"2399",852778,164,"Ex-Employee"
"2400",852987,161,"Employee"
"2401",852993,161,"Employee"
"2402",853060,161,"Employee"
"2403",853084,163,"Internal Account"
"2404",853277,161,"Employee"
"2405",854056,161,"Employee"
"2406",854552,163,"Internal Account"
"2407",854693,164,"Ex-Employee"
"2408",854846,161,"Employee"
"2409",854847,161,"Employee"
"2410",854876,164,"Ex-Employee"
"2411",855080,161,"Employee"
"2412",855381,161,"Employee"
"2413",855652,161,"Employee"
"2414",855664,164,"Ex-Employee"
"2415",856619,161,"Employee"
"2416",856623,161,"Employee"
"2417",856793,163,"Internal Account"
"2418",856799,163,"Internal Account"
"2419",856809,163,"Internal Account"
"2420",856810,161,"Employee"
"2421",857111,164,"Ex-Employee"
"2422",857116,164,"Ex-Employee"
"2423",859110,161,"Employee"
"2424",859112,161,"Employee"
"2425",859425,161,"Employee"
"2426",859534,161,"Employee"
"2427",859542,161,"Employee"
"2428",859553,161,"Employee"
"2429",861125,161,"Employee"
"2430",861891,161,"Employee"
"2431",861897,161,"Employee"
"2432",862799,163,"Internal Account"
"2433",862804,163,"Internal Account"
"2434",862805,163,"Internal Account"
"2435",862806,163,"Internal Account"
"2436",862807,163,"Internal Account"
"2437",862995,161,"Employee"
"2438",863032,161,"Employee"
"2439",863048,164,"Ex-Employee"
"2440",863294,161,"Employee"
"2441",863464,164,"Ex-Employee"
"2442",863639,161,"Employee"
"2443",863652,161,"Employee"
"2444",863747,161,"Employee"
"2445",865009,161,"Employee"
"2446",865760,163,"Internal Account"
"2447",865788,161,"Employee"
"2448",865863,161,"Employee"
"2449",865864,161,"Employee"
"2450",866370,161,"Employee"
"2451",929870,161,"Employee"
"2452",930757,161,"Employee"
"2453",931104,163,"Internal Account"
"2454",931109,163,"Internal Account"
"2455",931386,163,"Internal Account"
"2456",933837,161,"Employee"
"2457",934405,161,"Employee"
"2458",934458,161,"Employee"
"2459",934471,161,"Employee"
"2460",934482,161,"Employee"
"2461",934774,164,"Ex-Employee"
"2462",935022,161,"Employee"
"2463",935438,161,"Employee"
"2464",935606,161,"Employee"
"2465",935670,161,"Employee"
"2466",935674,161,"Employee"
"2467",935709,164,"Ex-Employee"
"2468",935853,161,"Employee"
"2469",935876,161,"Employee"
"2470",936176,161,"Employee"
"2471",936619,161,"Employee"
"2472",937096,163,"Internal Account"
"2473",937170,161,"Employee"
"2474",937175,161,"Employee"
"2475",937199,161,"Employee"
"2476",937296,161,"Employee"
"2477",937721,161,"Employee"
"2478",937820,161,"Employee"
"2479",938260,163,"Internal Account"
"2480",939339,163,"Internal Account"
"2481",939873,161,"Employee"
"2482",940458,161,"Employee"
"2483",940672,161,"Employee"
"2484",940837,161,"Employee"
"2485",941347,161,"Employee"
"2486",942045,161,"Employee"
"2487",943171,164,"Ex-Employee"
"2488",943190,161,"Employee"
"2489",943448,161,"Employee"
"2490",943498,161,"Employee"
"2491",943501,161,"Employee"
"2492",943560,161,"Employee"
"2493",943597,161,"Employee"
"2494",943604,161,"Employee"
"2495",943665,161,"Employee"
"2496",943988,161,"Employee"
"2497",944084,161,"Employee"
"2498",944183,161,"Employee"
"2499",944542,161,"Employee"
"2500",944726,161,"Employee"
"2501",944926,161,"Employee"
"2502",944972,161,"Employee"
"2503",945019,161,"Employee"
"2504",945034,161,"Employee"
"2505",945081,161,"Employee"
"2506",945111,161,"Employee"
"2507",945240,161,"Employee"
"2508",945296,161,"Employee"
"2509",945369,161,"Employee"
"2510",945399,161,"Employee"
"2511",945420,161,"Employee"
"2512",945476,161,"Employee"
"2513",946016,161,"Employee"
"2514",946051,161,"Employee"
"2515",946054,161,"Employee"
"2516",946065,161,"Employee"
"2517",946076,161,"Employee"
"2518",946280,161,"Employee"
"2519",946539,163,"Internal Account"
"2520",946606,164,"Ex-Employee"
"2521",946687,161,"Employee"
"2522",946692,161,"Employee"
"2523",947085,161,"Employee"
"2524",947148,164,"Ex-Employee"
"2525",947454,161,"Employee"
"2526",947678,164,"Ex-Employee"
"2527",947680,163,"Internal Account"
"2528",947681,163,"Internal Account"
"2529",947683,163,"Internal Account"
"2530",948147,161,"Employee"
"2531",948202,161,"Employee"
"2532",948500,161,"Employee"
"2533",948568,161,"Employee"
"2534",949145,161,"Employee"
"2535",949222,161,"Employee"
"2536",949292,163,"Internal Account"
"2537",949293,163,"Internal Account"
"2538",949605,161,"Employee"
"2539",949614,161,"Employee"
"2540",950066,161,"Employee"
"2541",950261,161,"Employee"
"2542",950488,161,"Employee"
"2543",950507,161,"Employee"
"2544",950654,163,"Internal Account"
"2545",950655,163,"Internal Account"
"2546",950675,163,"Internal Account"
"2547",950798,161,"Employee"
"2548",950822,163,"Internal Account"
"2549",950823,163,"Internal Account"
"2550",950825,163,"Internal Account"
"2551",950832,163,"Internal Account"
"2552",950878,161,"Employee"
"2553",951093,161,"Employee"
"2554",951096,164,"Ex-Employee"
"2555",951097,164,"Ex-Employee"
"2556",951098,161,"Employee"
"2557",951099,161,"Employee"
"2558",951107,163,"Internal Account"
"2559",951111,163,"Internal Account"
"2560",951113,163,"Internal Account"
"2561",952009,161,"Employee"
"2562",952198,161,"Employee"
"2563",952199,161,"Employee"
"2564",952376,161,"Employee"
"2565",952925,161,"Employee"
"2566",952985,161,"Employee"
"2567",953046,164,"Ex-Employee"
"2568",953196,161,"Employee"
"2569",953329,161,"Employee"
"2570",953516,161,"Employee"
"2571",953524,163,"Internal Account"
"2572",953664,163,"Internal Account"
"2573",954304,161,"Employee"
"2574",954371,161,"Employee"
"2575",954533,161,"Employee"
"2576",955130,161,"Employee"
"2577",955259,161,"Employee"
"2578",955270,161,"Employee"
"2579",955290,161,"Employee"
"2580",955418,161,"Employee"
"2581",955935,161,"Employee"
"2582",955938,161,"Employee"
"2583",956413,161,"Employee"
"2584",956892,163,"Internal Account"
"2585",957333,161,"Employee"
"2586",957676,161,"Employee"
"2587",957780,161,"Employee"
"2588",958305,161,"Employee"
"2589",960234,161,"Employee"
"2590",960243,161,"Employee"
"2591",960728,161,"Employee"
"2592",963366,161,"Employee"
"2593",964123,161,"Employee"
"2594",964249,161,"Employee"
"2595",964254,164,"Ex-Employee"
"2596",967105,161,"Employee"
"2597",967682,161,"Employee"
"2598",968161,163,"Internal Account"
"2599",968642,161,"Employee"
"2600",968798,161,"Employee"
"2601",968846,161,"Employee"
"2602",969259,161,"Employee"
"2603",969312,161,"Employee"
"2604",969721,161,"Employee"
"2605",970797,161,"Employee"
"2606",971545,161,"Employee"
"2607",972716,161,"Employee"
"2608",972717,161,"Employee"
"2609",974169,161,"Employee"
"2610",974526,163,"Internal Account"
"2611",974527,163,"Internal Account"
"2612",975092,161,"Employee"
"2613",975097,161,"Employee"
"2614",975487,164,"Ex-Employee"
"2615",976225,161,"Employee"
"2616",976226,161,"Employee"
"2617",976692,164,"Ex-Employee"
"2618",976954,161,"Employee"
"2619",977634,164,"Ex-Employee"
"2620",977635,161,"Employee"
"2621",978812,161,"Employee"
"2622",987438,161,"Employee"
"2623",987446,161,"Employee"
"2624",987541,161,"Employee"
"2625",988393,161,"Employee"
"2626",988399,161,"Employee"
"2627",989140,161,"Employee"
"2628",989728,161,"Employee"
"2629",990401,161,"Employee"
"2630",990791,161,"Employee"
"2631",991520,164,"Ex-Employee"
"2632",991665,163,"Internal Account"
"2633",999999,163,"Internal Account"
